date,country,country_population,state_province,state_province_population,new_cases,new_deaths,cumulative_cases,cumulative_deaths
2019-12-30,Australia,,None,25364307,0,0,0,0
2019-12-30,China,,None,1397715000,27,0,27,0
2019-12-30,Canada,,None,37589262,0,0,0,0
2019-12-30,Taiwan,,None,23593794,0,0,0,0
2019-12-31,Australia,,None,25364307,0,0,0,0
2019-12-31,Canada,,None,37589262,0,0,0,0
2019-12-31,Taiwan,,None,23593794,0,0,0,0
2019-12-31,China,,None,1397715000,0,0,27,0
2020-01-01,Taiwan,,None,23593794,0,0,0,0
2020-01-01,Australia,,None,25364307,0,0,0,0
2020-01-01,Canada,,None,37589262,0,0,0,0
2020-01-01,China,,None,1397715000,0,0,0,0
2020-01-02,Taiwan,,None,23593794,0,0,0,0
2020-01-02,Canada,,None,37589262,0,0,0,0
2020-01-02,Australia,,None,25364307,0,0,0,0
2020-01-02,China,,None,1397715000,1,0,1,0
2020-01-03,Australia,,None,25364307,0,0,0,0
2020-01-03,Taiwan,,None,23593794,0,0,0,0
2020-01-03,Canada,,None,37589262,0,0,0,0
2020-01-03,China,,None,1397715000,0,0,1,0
2020-01-04,Canada,,None,37589262,0,0,0,0
2020-01-04,Taiwan,,None,23593794,0,0,0,0
2020-01-04,China,,None,1397715000,3,0,4,0
2020-01-04,Australia,,None,25364307,0,0,0,0
2020-01-05,Taiwan,,None,23593794,0,0,0,0
2020-01-05,Australia,,None,25364307,0,0,0,0
2020-01-05,China,,None,1397715000,0,0,4,0
2020-01-05,Canada,,None,37589262,0,0,0,0
2020-01-06,China,,None,1397715000,0,0,4,0
2020-01-06,Canada,,None,37589262,0,0,0,0
2020-01-06,Australia,,None,25364307,0,0,0,0
2020-01-06,Taiwan,,None,23593794,0,0,0,0
2020-01-07,Taiwan,,None,23593794,0,0,0,0
2020-01-07,China,,None,1397715000,0,0,4,0
2020-01-07,Australia,,None,25364307,0,0,0,0
2020-01-07,Canada,,None,37589262,0,0,0,0
2020-01-08,Canada,,None,37589262,0,0,0,0
2020-01-08,China,,None,1397715000,0,0,4,0
2020-01-08,Taiwan,,None,23593794,0,0,0,0
2020-01-08,Australia,,None,25364307,0,0,0,0
2020-01-09,China,,None,1397715000,41,1,45,1
2020-01-09,Australia,,None,25364307,0,0,0,0
2020-01-09,Taiwan,,None,23593794,0,0,0,0
2020-01-09,Canada,,None,37589262,0,0,0,0
2020-01-10,Australia,,None,25364307,0,0,0,0
2020-01-10,China,,None,1397715000,0,0,45,1
2020-01-10,Taiwan,,None,23593794,0,0,0,0
2020-01-10,Canada,,None,37589262,0,0,0,0
2020-01-11,China,,None,1397715000,0,0,45,1
2020-01-11,Australia,,None,25364307,0,0,0,0
2020-01-11,Canada,,None,37589262,0,0,0,0
2020-01-11,Taiwan,,None,23593794,0,0,0,0
2020-01-12,Canada,,None,37589262,0,0,0,0
2020-01-12,China,,None,1397715000,0,0,45,1
2020-01-12,Australia,,None,25364307,0,0,0,0
2020-01-12,Taiwan,,None,23593794,0,0,0,0
2020-01-13,Taiwan,,None,23593794,0,0,0,0
2020-01-13,Canada,,None,37589262,0,0,0,0
2020-01-13,China,,None,1397715000,0,0,45,1
2020-01-13,Australia,,None,25364307,0,0,0,0
2020-01-14,Canada,,None,37589262,0,0,0,0
2020-01-14,Taiwan,,None,23593794,0,0,0,0
2020-01-14,Australia,,None,25364307,0,0,0,0
2020-01-14,China,,None,1397715000,0,0,45,1
2020-01-15,Australia,,None,25364307,0,0,0,0
2020-01-15,Taiwan,,None,23593794,0,0,0,0
2020-01-15,China,,None,1397715000,4,1,49,2
2020-01-15,Canada,,None,37589262,0,0,0,0
2020-01-16,Canada,,None,37589262,0,0,0,0
2020-01-16,Australia,,None,25364307,0,0,0,0
2020-01-16,China,,None,1397715000,17,0,66,2
2020-01-16,Taiwan,,None,23593794,0,0,0,0
2020-01-17,Taiwan,,None,23593794,0,0,0,0
2020-01-17,Australia,,None,25364307,0,0,0,0
2020-01-17,Canada,,None,37589262,0,0,0,0
2020-01-17,China,,None,1397715000,59,1,125,3
2020-01-18,China,,None,1397715000,77,1,202,4
2020-01-18,Canada,,None,37589262,0,0,0,0
2020-01-18,Taiwan,,None,23593794,0,0,0,0
2020-01-18,Australia,,None,25364307,0,0,0,0
2020-01-19,Australia,,None,25364307,0,0,0,0
2020-01-19,Taiwan,,None,23593794,0,0,0,0
2020-01-19,China,,None,1397715000,93,2,295,6
2020-01-19,Canada,,None,37589262,0,0,0,0
2020-01-20,Taiwan,,None,23593794,1,0,1,0
2020-01-20,Australia,,None,25364307,0,0,0,0
2020-01-20,Canada,,None,37589262,0,0,0,0
2020-01-20,China,,None,1397715000,152,3,447,9
2020-01-21,Taiwan,,None,23593794,0,0,1,0
2020-01-21,Australia,,None,25364307,0,0,0,0
2020-01-21,Canada,,None,37589262,0,0,0,0
2020-01-21,China,,None,1397715000,131,8,548,17
2020-01-22,Canada,,None,37589262,0,0,0,0
2020-01-22,USA,,None,328239523,0,0,0,0
2020-01-22,Taiwan,,None,23593794,0,0,1,0
2020-01-22,Australia,,None,25364307,0,0,0,0
2020-01-22,China,,None,1397715000,95,1,643,18
2020-01-23,China,,None,1397715000,277,8,920,26
2020-01-23,Australia,,None,25364307,0,0,7,0
2020-01-23,Canada,,None,37589262,0,0,0,0
2020-01-23,USA,,None,328239523,0,0,0,0
2020-01-23,Taiwan,,None,23593794,2,0,3,0
2020-01-24,Canada,,None,37589262,0,0,5,0
2020-01-24,Taiwan,,None,23593794,0,0,1,0
2020-01-24,USA,,None,328239523,1,0,1,0
2020-01-24,Australia,,None,25364307,0,0,8,0
2020-01-24,China,,None,1397715000,486,16,1406,42
2020-01-25,Australia,,None,25364307,4,0,4,0
2020-01-25,USA,,None,328239523,0,0,1,0
2020-01-25,Canada,,None,37589262,0,0,0,0
2020-01-25,Taiwan,,None,23593794,2,0,3,0
2020-01-25,China,,None,1397715000,669,14,2075,56
2020-01-26,USA,,None,328239523,3,0,4,0
2020-01-26,Canada,,None,37589262,0,0,0,0
2020-01-26,China,,None,1397715000,802,26,2877,82
2020-01-26,Taiwan,,None,23593794,1,0,5,0
2020-01-26,Australia,,None,25364307,1,0,5,0
2020-01-27,Taiwan,,None,23593794,2,0,5,0
2020-01-27,China,,None,1397715000,2632,49,5509,131
2020-01-27,Canada,,None,37589262,0,0,0,0
2020-01-27,Australia,,None,25364307,0,0,5,0
2020-01-27,USA,,None,328239523,1,0,5,0
2020-01-28,China,,None,1397715000,578,2,6087,133
2020-01-28,Canada,,None,37589262,0,0,0,0
2020-01-28,USA,,None,328239523,0,0,5,0
2020-01-28,Taiwan,,None,23593794,2,0,7,0
2020-01-28,Australia,,None,25364307,1,0,6,0
2020-01-29,USA,,None,328239523,1,0,6,0
2020-01-29,China,,None,1397715000,2054,38,8141,171
2020-01-29,Australia,,None,25364307,3,0,9,0
2020-01-29,Taiwan,,None,23593794,1,0,8,0
2020-01-29,Canada,,None,37589262,0,0,0,0
2020-01-30,China,,None,1397715000,1661,42,9802,213
2020-01-30,Taiwan,,None,23593794,1,0,10,0
2020-01-30,USA,,None,328239523,0,0,6,0
2020-01-30,Australia,,None,25364307,0,0,9,0
2020-01-30,Canada,,None,37589262,0,0,0,0
2020-01-31,Canada,,None,37589262,4,0,4,0
2020-01-31,USA,,None,328239523,1,0,7,0
2020-01-31,Australia,,None,25364307,3,0,12,0
2020-01-31,Taiwan,,None,23593794,1,0,9,0
2020-01-31,China,,None,1397715000,2089,46,11891,259
2020-02-01,Taiwan,,None,23593794,1,0,10,0
2020-02-01,China,,None,1397715000,4739,102,16630,361
2020-02-01,Canada,,None,37589262,0,0,0,0
2020-02-01,Australia,,None,25364307,0,0,12,0
2020-02-01,USA,,None,328239523,1,0,8,0
2020-02-02,China,,None,1397715000,3086,64,19716,425
2020-02-02,USA,,None,328239523,0,0,8,0
2020-02-02,Taiwan,,None,23593794,0,0,10,0
2020-02-02,Australia,,None,25364307,0,0,12,0
2020-02-02,Canada,,None,37589262,0,0,0,0
2020-02-03,Australia,,None,25364307,1,0,13,0
2020-02-03,China,,None,1397715000,3991,66,23707,491
2020-02-03,Canada,,None,37589262,0,0,0,0
2020-02-03,Taiwan,,None,23593794,1,0,11,0
2020-02-03,USA,,None,328239523,2,0,10,0
2020-02-04,China,,None,1397715000,3733,72,27440,563
2020-02-04,USA,,None,328239523,0,0,10,0
2020-02-04,Taiwan,,None,23593794,0,0,11,0
2020-02-04,Canada,,None,37589262,0,0,0,0
2020-02-04,Australia,,None,25364307,0,0,13,0
2020-02-05,Taiwan,,None,23593794,1,0,11,0
2020-02-05,China,,None,1397715000,3147,70,30587,633
2020-02-05,Canada,,None,37589262,0,0,0,0
2020-02-05,Australia,,None,25364307,1,0,14,0
2020-02-05,USA,,None,328239523,0,0,10,0
2020-02-06,Australia,,None,25364307,1,0,15,0
2020-02-06,Canada,,None,37589262,0,0,0,0
2020-02-06,China,,None,1397715000,3523,85,34110,718
2020-02-06,USA,,None,328239523,0,1,10,1
2020-02-06,Taiwan,,None,23593794,2,0,13,0
2020-02-07,USA,,None,328239523,0,0,10,1
2020-02-07,Australia,,None,25364307,0,0,15,0
2020-02-07,Taiwan,,None,23593794,3,0,16,0
2020-02-07,China,,None,1397715000,2704,87,36814,805
2020-02-07,Canada,,None,37589262,0,0,0,0
2020-02-08,Canada,,None,37589262,3,0,7,0
2020-02-08,Taiwan,,None,23593794,1,0,17,0
2020-02-08,China,,None,1397715000,3015,100,39829,905
2020-02-08,Australia,,None,25364307,0,0,15,0
2020-02-08,USA,,None,328239523,0,0,10,1
2020-02-09,Canada,,None,37589262,0,0,0,0
2020-02-09,Taiwan,,None,23593794,1,0,18,0
2020-02-09,USA,,None,328239523,0,0,10,1
2020-02-09,China,,None,1397715000,2525,107,42354,1012
2020-02-09,Australia,,None,25364307,0,0,15,0
2020-02-10,Taiwan,,None,23593794,0,0,18,0
2020-02-10,China,,None,1397715000,2032,100,44386,1112
2020-02-10,USA,,None,328239523,0,0,10,1
2020-02-10,Canada,,None,37589262,0,0,0,0
2020-02-10,Australia,,None,25364307,0,0,15,0
2020-02-11,China,,None,1397715000,373,5,44759,1117
2020-02-11,Taiwan,,None,23593794,0,0,18,0
2020-02-11,USA,,None,328239523,1,0,11,1
2020-02-11,Australia,,None,25364307,0,0,15,0
2020-02-11,Canada,,None,37589262,0,0,0,0
2020-02-12,Taiwan,,None,23593794,0,0,18,0
2020-02-12,USA,,None,328239523,0,0,11,1
2020-02-12,Australia,,None,25364307,0,0,15,0
2020-02-12,China,,None,1397715000,15136,252,59895,1369
2020-02-12,Canada,,None,37589262,0,0,0,0
2020-02-13,Canada,,None,37589262,0,0,0,0
2020-02-13,USA,,None,328239523,1,0,12,1
2020-02-13,China,,None,1397715000,6463,152,66358,1521
2020-02-13,Australia,,None,25364307,0,0,15,0
2020-02-13,Taiwan,,None,23593794,0,0,18,0
2020-02-14,Australia,,None,25364307,0,0,15,0
2020-02-14,Canada,,None,37589262,0,0,0,0
2020-02-14,USA,,None,328239523,0,0,12,1
2020-02-14,China,,None,1397715000,2055,142,68413,1663
2020-02-14,Taiwan,,None,23593794,0,0,18,0
2020-02-15,China,,None,1397715000,2100,103,70513,1766
2020-02-15,USA,,None,328239523,0,0,12,1
2020-02-15,Taiwan,,None,23593794,2,1,20,1
2020-02-15,Canada,,None,37589262,0,0,0,0
2020-02-15,Australia,,None,25364307,0,0,15,0
2020-02-16,Australia,,None,25364307,0,0,15,0
2020-02-16,Taiwan,,None,23593794,2,0,22,1
2020-02-16,China,,None,1397715000,1921,98,72434,1864
2020-02-16,USA,,None,328239523,0,0,12,1
2020-02-16,Canada,,None,37589262,1,0,8,0
2020-02-17,Canada,,None,37589262,0,0,0,0
2020-02-17,Australia,,None,25364307,0,0,15,0
2020-02-17,China,,None,1397715000,1777,139,74211,2003
2020-02-17,Taiwan,,None,23593794,2,1,20,1
2020-02-17,USA,,None,328239523,0,1,12,2
2020-02-18,USA,,None,328239523,1,0,13,2
2020-02-18,Canada,,None,37589262,0,0,0,0
2020-02-18,Australia,,None,25364307,0,0,15,0
2020-02-18,China,,None,1397715000,408,113,74619,2116
2020-02-18,Taiwan,,None,23593794,2,0,22,1
2020-02-19,USA,,None,328239523,0,0,13,2
2020-02-19,China,,None,1397715000,458,122,75077,2238
2020-02-19,Australia,,None,25364307,0,0,15,0
2020-02-19,Taiwan,,None,23593794,1,0,23,1
2020-02-19,Canada,,None,37589262,0,0,0,0
2020-02-20,Canada,,None,37589262,0,0,0,0
2020-02-20,Taiwan,,None,23593794,1,0,24,1
2020-02-20,USA,,None,328239523,0,0,13,2
2020-02-20,Australia,,None,25364307,0,0,15,0
2020-02-20,China,,None,1397715000,473,0,75550,2238
2020-02-21,Taiwan,,None,23593794,2,0,26,1
2020-02-21,USA,,None,328239523,3,0,16,2
2020-02-21,China,,None,1397715000,1451,205,77001,2443
2020-02-21,Australia,,None,25364307,0,0,15,0
2020-02-21,Canada,,None,37589262,1,0,9,0
2020-02-22,Australia,,None,25364307,0,0,15,0
2020-02-22,Canada,,None,37589262,0,0,0,0
2020-02-22,China,,None,1397715000,21,2,77022,2445
2020-02-22,USA,,None,328239523,0,0,16,2
2020-02-22,Taiwan,,None,23593794,2,0,28,1
2020-02-23,China,,None,1397715000,219,150,77241,2595
2020-02-23,Canada,,None,37589262,0,0,0,0
2020-02-23,Australia,,None,25364307,0,0,15,0
2020-02-23,Taiwan,,None,23593794,2,0,28,1
2020-02-23,USA,,None,328239523,0,0,16,2
2020-02-24,China,,None,1397715000,513,70,77754,2665
2020-02-24,Australia,,None,25364307,0,0,15,0
2020-02-24,Taiwan,,None,23593794,0,0,28,1
2020-02-24,Canada,,None,37589262,1,0,10,0
2020-02-24,USA,,None,328239523,1,0,17,2
2020-02-25,Canada,,None,37589262,1,0,11,0
2020-02-25,Taiwan,,None,23593794,3,0,31,1
2020-02-25,China,,None,1397715000,412,52,78166,2717
2020-02-25,Australia,,None,25364307,0,0,15,0
2020-02-25,USA,,None,328239523,0,0,17,2
2020-02-26,Australia,,None,25364307,0,0,15,0
2020-02-26,Canada,,None,37589262,1,0,12,0
2020-02-26,China,,None,1397715000,434,29,78600,2746
2020-02-26,USA,,None,328239523,2,0,19,2
2020-02-26,Taiwan,,None,23593794,0,0,32,1
2020-02-27,China,,None,1397715000,328,44,78928,2790
2020-02-27,Australia,,None,25364307,0,0,15,0
2020-02-27,Taiwan,,None,23593794,1,0,32,1
2020-02-27,Canada,,None,37589262,1,0,13,0
2020-02-27,USA,,None,328239523,1,0,20,2
2020-02-28,Australia,,None,25364307,10,0,25,1
2020-02-28,Taiwan,,None,23593794,2,0,34,1
2020-02-28,USA,,None,328239523,2,0,22,2
2020-02-28,China,,None,1397715000,428,47,79356,2837
2020-02-28,Canada,,None,37589262,0,0,0,0
2020-02-29,USA,,None,328239523,11,1,33,3
2020-02-29,China,,None,1397715000,576,35,79932,2872
2020-02-29,Australia,,None,25364307,2,1,27,1
2020-02-29,Canada,,None,37589262,2,0,15,0
2020-02-29,Taiwan,,None,23593794,5,0,39,1
2020-03-01,Australia,,None,25364307,3,0,30,1
2020-03-01,USA,,None,328239523,6,0,39,3
2020-03-01,Canada,,None,37589262,9,0,24,0
2020-03-01,Taiwan,,None,23593794,1,0,40,1
2020-03-01,China,,None,1397715000,204,42,80136,2914
2020-03-02,Canada,,None,37589262,0,0,0,0
2020-03-02,USA,,None,328239523,22,5,61,8
2020-03-02,Taiwan,,None,23593794,1,0,41,1
2020-03-02,China,,None,1397715000,125,33,80261,2947
2020-03-02,Australia,,None,25364307,9,0,39,1
2020-03-03,China,,None,1397715000,125,36,80386,2983
2020-03-03,Canada,,None,37589262,9,0,33,0
2020-03-03,Taiwan,,None,23593794,1,0,42,1
2020-03-03,USA,,None,328239523,19,1,80,9
2020-03-03,Australia,,None,25364307,13,1,52,2
2020-03-04,Taiwan,,None,23593794,2,0,44,1
2020-03-04,Australia,,None,25364307,3,0,55,2
2020-03-04,Canada,,None,37589262,0,0,0,0
2020-03-04,China,,None,1397715000,151,32,80537,3015
2020-03-04,USA,,None,328239523,35,4,115,13
2020-03-05,USA,,None,328239523,66,1,181,14
2020-03-05,China,,None,1397715000,153,29,80690,3044
2020-03-05,Canada,,None,37589262,12,0,45,0
2020-03-05,Taiwan,,None,23593794,1,0,45,1
2020-03-05,Australia,,None,25364307,5,0,60,2
2020-03-06,China,,None,1397715000,80,28,80770,3072
2020-03-06,Taiwan,,None,23593794,2,0,44,1
2020-03-06,Australia,,None,25364307,3,0,63,2
2020-03-06,Canada,,None,37589262,6,0,51,0
2020-03-06,USA,,None,328239523,49,5,230,19
2020-03-07,China,,None,1397715000,53,28,80823,3100
2020-03-07,Australia,,None,25364307,13,1,76,3
2020-03-07,USA,,None,328239523,145,3,375,22
2020-03-07,Canada,,None,37589262,6,0,57,0
2020-03-07,Taiwan,,None,23593794,1,0,45,1
2020-03-08,Australia,,None,25364307,15,0,91,3
2020-03-08,Taiwan,,None,23593794,0,0,45,1
2020-03-08,China,,None,1397715000,37,23,80860,3123
2020-03-08,USA,,None,328239523,116,3,491,25
2020-03-08,Canada,,None,37589262,5,1,62,1
2020-03-09,Australia,,None,25364307,16,0,107,3
2020-03-09,Taiwan,,None,23593794,0,0,45,1
2020-03-09,China,,None,1397715000,27,16,80887,3139
2020-03-09,USA,,None,328239523,259,6,750,31
2020-03-09,Canada,,None,37589262,15,0,77,1
2020-03-10,Canada,,None,37589262,0,0,0,0
2020-03-10,Taiwan,,None,23593794,2,0,47,1
2020-03-10,China,,None,1397715000,34,22,80921,3161
2020-03-10,Australia,,None,25364307,21,0,128,3
2020-03-10,USA,,None,328239523,275,3,1025,34
2020-03-11,Taiwan,,None,23593794,1,0,48,1
2020-03-11,Australia,,None,25364307,0,0,128,3
2020-03-11,Canada,,None,37589262,26,1,103,2
2020-03-11,China,,None,1397715000,11,11,80932,3172
2020-03-11,USA,,None,328239523,229,6,1254,40
2020-03-12,Australia,,None,25364307,72,0,200,3
2020-03-12,China,,None,1397715000,13,8,80945,3180
2020-03-12,Taiwan,,None,23593794,1,0,49,1
2020-03-12,Canada,,None,37589262,38,0,138,2
2020-03-12,USA,,None,328239523,387,4,1641,44
2020-03-13,Taiwan,,None,23593794,1,0,50,1
2020-03-13,Canada,,None,37589262,38,0,176,2
2020-03-13,Australia,,None,25364307,50,0,250,3
2020-03-13,China,,None,1397715000,32,13,80977,3193
2020-03-13,USA,,None,328239523,529,7,2170,51
2020-03-14,China,,None,1397715000,26,10,81003,3203
2020-03-14,Canada,,None,37589262,20,0,193,2
2020-03-14,Taiwan,,None,23593794,3,0,53,1
2020-03-14,USA,,None,328239523,733,9,2903,60
2020-03-14,Australia,,None,25364307,47,0,297,3
2020-03-15,USA,,None,328239523,566,7,3469,67
2020-03-15,Canada,,None,37589262,54,0,249,2
2020-03-15,Australia,,None,25364307,80,0,377,3
2020-03-15,China,,None,1397715000,30,14,81033,3217
2020-03-15,Taiwan,,None,23593794,6,0,59,1
2020-03-16,USA,,None,328239523,909,25,4378,92
2020-03-16,China,,None,1397715000,25,13,81085,3218
2020-03-16,Taiwan,,None,23593794,10,0,77,1
2020-03-16,Australia,,None,25364307,75,2,452,5
2020-03-16,Canada,,None,37589262,88,3,324,5
2020-03-17,Australia,,None,25364307,116,1,568,6
2020-03-17,China,,None,1397715000,45,13,81130,3231
2020-03-17,USA,,None,328239523,1775,13,6153,105
2020-03-17,Taiwan,,None,23593794,18,0,77,1
2020-03-17,Canada,,None,37589262,99,3,424,8
2020-03-18,Australia,,None,25364307,113,0,681,6
2020-03-18,Canada,,None,37589262,157,1,569,9
2020-03-18,Taiwan,,None,23593794,23,0,100,1
2020-03-18,USA,,None,328239523,2755,31,8908,136
2020-03-18,China,,None,1397715000,71,11,81201,3242
2020-03-19,China,,None,1397715000,46,8,81247,3250
2020-03-19,Canada,,None,37589262,276,3,846,12
2020-03-19,Taiwan,,None,23593794,8,0,108,1
2020-03-19,USA,,None,328239523,4864,40,13772,176
2020-03-19,Australia,,None,25364307,110,1,791,7
2020-03-20,China,,None,1397715000,138,5,81385,3255
2020-03-20,Canada,,None,37589262,131,1,971,13
2020-03-20,USA,,None,328239523,4886,38,18658,214
2020-03-20,Taiwan,,None,23593794,27,1,135,2
2020-03-20,Australia,,None,25364307,280,0,1071,7
2020-03-21,China,,None,1397715000,31,6,81416,3261
2020-03-21,Australia,,None,25364307,478,0,1549,7
2020-03-21,Taiwan,,None,23593794,0,0,135,2
2020-03-21,USA,,None,328239523,7152,53,25810,267
2020-03-21,Canada,,None,37589262,367,5,1302,18
2020-03-22,Canada,,None,37589262,100,2,1430,20
2020-03-22,USA,,None,328239523,7135,107,32945,374
2020-03-22,Taiwan,,None,23593794,34,0,169,2
2020-03-22,China,,None,1397715000,146,6,81562,3267
2020-03-22,Australia,,None,25364307,133,0,1682,7
2020-03-23,Australia,,None,25364307,362,1,2044,8
2020-03-23,USA,,None,328239523,9807,139,42752,513
2020-03-23,China,,None,1397715000,87,9,81649,3276
2020-03-23,Taiwan,,None,23593794,26,0,195,2
2020-03-23,Canada,,None,37589262,620,4,1646,24
2020-03-24,Taiwan,,None,23593794,20,0,215,2
2020-03-24,Australia,,None,25364307,320,0,2364,8
2020-03-24,Canada,,None,37589262,701,3,1959,27
2020-03-24,China,,None,1397715000,154,7,81803,3283
2020-03-24,USA,,None,328239523,9933,191,52685,704
2020-03-25,Taiwan,,None,23593794,20,0,235,2
2020-03-25,USA,,None,328239523,14189,247,66874,951
2020-03-25,Canada,,None,37589262,617,8,3385,35
2020-03-25,China,,None,1397715000,93,4,81896,3287
2020-03-25,Australia,,None,25364307,446,5,2810,13
2020-03-26,Taiwan,,None,23593794,17,0,252,2
2020-03-26,China,,None,1397715000,138,6,82034,3293
2020-03-26,USA,,None,328239523,16124,255,82998,1206
2020-03-26,Canada,,None,37589262,634,4,4018,39
2020-03-26,Australia,,None,25364307,333,0,3143,13
2020-03-27,Taiwan,,None,23593794,15,0,267,2
2020-03-27,Australia,,None,25364307,497,1,3640,14
2020-03-27,China,,None,1397715000,127,5,82161,3298
2020-03-27,Canada,,None,37589262,646,14,4675,53
2020-03-27,USA,,None,328239523,16443,359,99441,1565
2020-03-28,Taiwan,,None,23593794,16,0,283,2
2020-03-28,Canada,,None,37589262,736,6,5386,59
2020-03-28,Australia,,None,25364307,344,2,3984,16
2020-03-28,China,,None,1397715000,118,3,82279,3301
2020-03-28,USA,,None,328239523,19644,518,119085,2083
2020-03-29,USA,,None,328239523,17667,267,136752,2350
2020-03-29,Australia,,None,25364307,377,1,4361,17
2020-03-29,Canada,,None,37589262,833,2,6255,61
2020-03-29,China,,None,1397715000,140,5,82419,3306
2020-03-29,Taiwan,,None,23593794,15,0,298,2
2020-03-30,Taiwan,,None,23593794,8,3,306,5
2020-03-30,USA,,None,328239523,20924,448,157676,2798
2020-03-30,Canada,,None,37589262,1179,28,7424,89
2020-03-30,China,,None,1397715000,86,7,82505,3313
2020-03-30,Australia,,None,25364307,198,1,4559,18
2020-03-31,USA,,None,328239523,23287,722,180963,3520
2020-03-31,China,,None,1397715000,94,1,82599,3314
2020-03-31,Australia,,None,25364307,303,2,4862,20
2020-03-31,Taiwan,,None,23593794,16,0,322,5
2020-03-31,Canada,,None,37589262,1111,7,8536,96
2020-04-01,Canada,,None,37589262,1065,13,9595,109
2020-04-01,USA,,None,328239523,24586,974,205549,4494
2020-04-01,China,,None,1397715000,32,7,82631,3321
2020-04-01,Taiwan,,None,23593794,10,0,339,5
2020-04-01,Australia,,None,25364307,254,4,5116,24
2020-04-02,Canada,,None,37589262,1670,29,11268,138
2020-04-02,USA,,None,328239523,28312,921,233861,5415
2020-04-02,Taiwan,,None,23593794,17,0,339,5
2020-04-02,Australia,,None,25364307,214,4,5330,28
2020-04-02,China,,None,1397715000,140,6,82771,3327
2020-04-03,Canada,,None,37589262,1254,49,12519,187
2020-04-03,Taiwan,,None,23593794,9,0,348,5
2020-04-03,Australia,,None,25364307,220,2,5550,30
2020-04-03,China,,None,1397715000,86,4,82857,3331
2020-04-03,USA,,None,328239523,35550,1026,269411,6441
2020-04-04,USA,,None,328239523,33256,1320,302667,7761
2020-04-04,Canada,,None,37589262,1367,44,13882,231
2020-04-04,Australia,,None,25364307,137,5,5687,35
2020-04-04,China,,None,1397715000,35,4,82892,3335
2020-04-04,Taiwan,,None,23593794,8,0,363,5
2020-04-05,Taiwan,,None,23593794,7,0,355,5
2020-04-05,USA,,None,328239523,25696,1435,328363,9196
2020-04-05,Canada,,None,37589262,1608,49,15496,280
2020-04-05,Australia,,None,25364307,110,5,5797,40
2020-04-05,China,,None,1397715000,66,3,82958,3338
2020-04-06,Taiwan,,None,23593794,18,0,373,5
2020-04-06,Canada,,None,37589262,1155,43,16653,323
2020-04-06,Australia,,None,25364307,98,5,5895,45
2020-04-06,USA,,None,328239523,29917,1245,358280,10441
2020-04-06,China,,None,1397715000,81,2,83039,3340
2020-04-07,Taiwan,,None,23593794,3,0,376,5
2020-04-07,USA,,None,328239523,31683,1973,389963,12414
2020-04-07,Australia,,None,25364307,115,5,6010,50
2020-04-07,Canada,,None,37589262,1230,57,17883,380
2020-04-07,China,,None,1397715000,56,0,83095,3340
2020-04-08,Canada,,None,37589262,1392,55,19274,435
2020-04-08,Australia,,None,25364307,98,1,6108,51
2020-04-08,Taiwan,,None,23593794,3,0,379,5
2020-04-08,China,,None,1397715000,94,2,83189,3342
2020-04-08,USA,,None,328239523,33023,1918,422986,14332
2020-04-09,Australia,,None,25364307,107,3,6215,54
2020-04-09,Taiwan,,None,23593794,1,0,380,5
2020-04-09,China,,None,1397715000,75,2,83264,3344
2020-04-09,Canada,,None,37589262,1476,74,20748,509
2020-04-09,USA,,None,328239523,33604,1790,456590,16122
2020-04-10,Taiwan,,None,23593794,2,1,382,6
2020-04-10,USA,,None,328239523,33435,2273,490025,18395
2020-04-10,Canada,,None,37589262,1383,60,22133,569
2020-04-10,Australia,,None,25364307,88,3,6303,57
2020-04-10,China,,None,1397715000,59,2,83323,3346
2020-04-11,USA,,None,328239523,30597,1704,520622,20099
2020-04-11,China,,None,1397715000,77,3,83400,3349
2020-04-11,Canada,,None,37589262,1170,84,23301,653
2020-04-11,Australia,,None,25364307,12,3,6315,60
2020-04-11,Taiwan,,None,23593794,3,0,385,6
2020-04-12,China,,None,1397715000,119,0,83519,3349
2020-04-12,Canada,,None,37589262,1065,64,24365,717
2020-04-12,Australia,,None,25364307,36,1,6351,61
2020-04-12,USA,,None,328239523,26835,1578,547457,21677
2020-04-12,Taiwan,,None,23593794,3,0,388,6
2020-04-13,Canada,,None,37589262,1297,63,25663,780
2020-04-13,China,,None,1397715000,88,2,83607,3351
2020-04-13,USA,,None,328239523,24633,569,572090,22246
2020-04-13,Australia,,None,25364307,64,1,6415,62
2020-04-13,Taiwan,,None,23593794,5,0,393,6
2020-04-14,Taiwan,,None,23593794,0,0,393,6
2020-04-14,Canada,,None,37589262,1383,123,27046,903
2020-04-14,China,,None,1397715000,90,0,83697,3351
2020-04-14,USA,,None,328239523,25878,4528,597968,26774
2020-04-14,Australia,,None,25364307,25,1,6440,63
2020-04-15,USA,,None,328239523,30277,2378,628245,29152
2020-04-15,Australia,,None,25364307,22,0,6462,63
2020-04-15,Canada,,None,37589262,1318,107,28364,1010
2020-04-15,Taiwan,,None,23593794,2,0,395,6
2020-04-15,China,,None,1397715000,50,1,83747,3352
2020-04-16,Canada,,None,37589262,1711,183,30081,1193
2020-04-16,China,,None,1397715000,51,0,83798,3352
2020-04-16,Taiwan,,None,23593794,0,0,395,6
2020-04-16,USA,,None,328239523,32584,2230,660829,31382
2020-04-16,Australia,,None,25364307,60,3,6522,66
2020-04-17,China,,None,1397715000,358,1290,84156,4642
2020-04-17,USA,,None,328239523,30912,1842,691741,33224
2020-04-17,Canada,,None,37589262,1792,116,31872,1309
2020-04-17,Taiwan,,None,23593794,0,0,395,6
2020-04-17,Australia,,None,25364307,46,1,6568,67
2020-04-18,Taiwan,,None,23593794,22,0,420,6
2020-04-18,Canada,,None,37589262,1470,158,33341,1467
2020-04-18,China,,None,1397715000,24,0,84180,4642
2020-04-18,Australia,,None,25364307,42,0,6610,67
2020-04-18,USA,,None,328239523,27676,1631,719417,34855
2020-04-19,Australia,,None,25364307,13,0,6623,67
2020-04-19,Taiwan,,None,23593794,25,0,420,6
2020-04-19,Canada,,None,37589262,1432,113,34777,1580
2020-04-19,China,,None,1397715000,45,0,84225,4642
2020-04-19,USA,,None,328239523,25589,2514,745006,37369
2020-04-20,USA,,None,328239523,26358,1779,771364,39148
2020-04-20,Canada,,None,37589262,2045,110,36823,1690
2020-04-20,Taiwan,,None,23593794,2,0,422,6
2020-04-20,Australia,,None,25364307,22,0,6645,67
2020-04-20,China,,None,1397715000,14,0,84239,4642
2020-04-21,Australia,,None,25364307,7,0,6652,67
2020-04-21,China,,None,1397715000,32,0,84271,4642
2020-04-21,Taiwan,,None,23593794,0,0,422,6
2020-04-21,USA,,None,328239523,25254,2683,796618,41831
2020-04-21,Canada,,None,37589262,1591,144,38413,1834
2020-04-22,China,,None,1397715000,18,0,84289,4642
2020-04-22,Canada,,None,37589262,1768,140,40179,1974
2020-04-22,Taiwan,,None,23593794,3,0,425,6
2020-04-22,Australia,,None,25364307,10,8,6662,75
2020-04-22,USA,,None,328239523,28606,2018,825224,43849
2020-04-23,Canada,,None,37589262,1920,172,42099,2146
2020-04-23,China,,None,1397715000,13,0,84302,4642
2020-04-23,Australia,,None,25364307,15,4,6677,79
2020-04-23,Taiwan,,None,23593794,1,0,426,6
2020-04-23,USA,,None,328239523,31299,1846,856523,45695
2020-04-24,China,,None,1397715000,10,0,84312,4642
2020-04-24,Australia,,None,25364307,17,1,6694,80
2020-04-24,USA,,None,328239523,37256,2785,893779,48480
2020-04-24,Canada,,None,37589262,1778,156,43877,2302
2020-04-24,Taiwan,,None,23593794,2,0,428,6
2020-04-25,Australia,,None,25364307,20,3,6714,83
2020-04-25,Canada,,None,37589262,1466,163,45341,2465
2020-04-25,China,,None,1397715000,18,0,84330,4642
2020-04-25,Taiwan,,None,23593794,1,0,429,6
2020-04-25,USA,,None,328239523,33632,2101,927411,50581
2020-04-26,Canada,,None,37589262,1541,95,46884,2560
2020-04-26,China,,None,1397715000,8,0,84338,4642
2020-04-26,USA,,None,328239523,25280,1170,952691,51751
2020-04-26,Taiwan,,None,23593794,0,0,429,6
2020-04-26,Australia,,None,25364307,7,0,6721,83
2020-04-27,China,,None,1397715000,3,1,84341,4643
2020-04-27,Taiwan,,None,23593794,0,0,429,6
2020-04-27,Canada,,None,37589262,1605,147,48489,2707
2020-04-27,USA,,None,328239523,22863,1368,975554,53119
2020-04-27,Australia,,None,25364307,23,6,6744,89
2020-04-28,Canada,,None,37589262,1526,152,50015,2859
2020-04-28,Taiwan,,None,23593794,0,0,429,6
2020-04-28,Australia,,None,25364307,8,2,6752,91
2020-04-28,China,,None,1397715000,26,0,84367,4643
2020-04-28,USA,,None,328239523,24227,2149,999781,55268
2020-04-29,USA,,None,328239523,27875,2958,1027656,58226
2020-04-29,Canada,,None,37589262,1571,137,51587,2996
2020-04-29,Australia,,None,25364307,14,2,6766,93
2020-04-29,Taiwan,,None,23593794,0,0,429,6
2020-04-29,China,,None,1397715000,2,0,84369,4643
2020-04-30,China,,None,1397715000,4,0,84373,4643
2020-04-30,Taiwan,,None,23593794,0,0,429,6
2020-04-30,USA,,None,328239523,28895,2128,1056551,60354
2020-04-30,Canada,,None,37589262,1639,188,53225,3184
2020-04-30,Australia,,None,25364307,12,0,6778,93
2020-05-01,China,,None,1397715000,14,0,84387,4643
2020-05-01,USA,,None,328239523,33441,1846,1089992,62200
2020-05-01,Taiwan,,None,23593794,0,0,429,6
2020-05-01,Australia,,None,25364307,21,1,6799,94
2020-05-01,Canada,,None,37589262,1825,207,55050,3391
2020-05-02,Australia,,None,25364307,23,1,6822,95
2020-05-02,China,,None,1397715000,4,0,84391,4643
2020-05-02,Taiwan,,None,23593794,3,0,432,6
2020-05-02,USA,,None,328239523,29599,1765,1119591,63965
2020-05-02,Canada,,None,37589262,1653,175,56703,3566
2020-05-03,Australia,,None,25364307,25,1,6847,96
2020-05-03,China,,None,1397715000,2,0,84393,4643
2020-05-03,USA,,None,328239523,24563,1229,1144154,65194
2020-05-03,Taiwan,,None,23593794,2,0,438,6
2020-05-03,Canada,,None,37589262,2760,116,59463,3682
2020-05-04,Taiwan,,None,23593794,4,0,436,6
2020-05-04,Canada,,None,37589262,1298,172,60761,3854
2020-05-04,China,,None,1397715000,7,0,84400,4643
2020-05-04,Australia,,None,25364307,28,1,6875,97
2020-05-04,USA,,None,328239523,21850,976,1166004,66170
2020-05-05,Taiwan,,None,23593794,2,0,438,6
2020-05-05,Canada,,None,37589262,1274,189,62035,4043
2020-05-05,China,,None,1397715000,4,0,84404,4643
2020-05-05,Australia,,None,25364307,19,0,6894,97
2020-05-05,USA,,None,328239523,23427,2477,1189431,68647
2020-05-06,China,,None,1397715000,3,0,84407,4643
2020-05-06,Canada,,None,37589262,1450,189,63485,4232
2020-05-06,USA,,None,328239523,24281,2767,1213712,71414
2020-05-06,Taiwan,,None,23593794,1,0,439,6
2020-05-06,Australia,,None,25364307,19,0,6913,97
2020-05-07,China,,None,1397715000,2,0,84409,4643
2020-05-07,USA,,None,328239523,27221,2098,1240933,73512
2020-05-07,Australia,,None,25364307,5,0,6918,97
2020-05-07,Taiwan,,None,23593794,0,0,440,6
2020-05-07,Canada,,None,37589262,1426,176,64911,4408
2020-05-08,Taiwan,,None,23593794,1,0,440,6
2020-05-08,China,,None,1397715000,7,0,84416,4643
2020-05-08,Australia,,None,25364307,21,0,6939,97
2020-05-08,USA,,None,328239523,27034,1732,1267967,75244
2020-05-08,Canada,,None,37589262,1512,161,66423,4569
2020-05-09,Taiwan,,None,23593794,0,0,440,6
2020-05-09,USA,,None,328239523,25394,1597,1293361,76841
2020-05-09,Canada,,None,37589262,1268,124,67691,4693
2020-05-09,Australia,,None,25364307,9,0,6948,97
2020-05-09,China,,None,1397715000,0,0,84416,4643
2020-05-10,Canada,,None,37589262,1146,178,68837,4871
2020-05-10,China,,None,1397715000,19,0,84435,4643
2020-05-10,Australia,,None,25364307,22,0,6970,97
2020-05-10,USA,,None,328239523,19369,965,1312730,77806
2020-05-10,Taiwan,,None,23593794,0,0,440,6
2020-05-11,USA,,None,328239523,19219,987,1331949,78793
2020-05-11,Taiwan,,None,23593794,0,1,440,7
2020-05-11,China,,None,1397715000,15,1,84450,4644
2020-05-11,Australia,,None,25364307,10,1,6980,98
2020-05-11,Canada,,None,37589262,1133,122,69970,4993
2020-05-12,Australia,,None,25364307,9,0,6989,98
2020-05-12,USA,,None,328239523,21288,1637,1353237,80430
2020-05-12,Taiwan,,None,23593794,0,0,440,7
2020-05-12,Canada,,None,37589262,1176,176,71146,5169
2020-05-12,China,,None,1397715000,1,0,84451,4644
2020-05-13,Canada,,None,37589262,1121,135,72267,5304
2020-05-13,China,,None,1397715000,7,0,84458,4644
2020-05-13,USA,,None,328239523,21045,1777,1374282,82207
2020-05-13,Taiwan,,None,23593794,0,0,440,7
2020-05-13,Australia,,None,25364307,30,0,7019,98
2020-05-14,China,,None,1397715000,6,0,84464,4644
2020-05-14,Australia,,None,25364307,16,0,7035,98
2020-05-14,USA,,None,328239523,26424,1858,1400706,84065
2020-05-14,Taiwan,,None,23593794,0,0,440,7
2020-05-14,Canada,,None,37589262,1210,168,73477,5472
2020-05-15,USA,,None,328239523,24635,1529,1425341,85594
2020-05-15,Taiwan,,None,23593794,0,0,440,7
2020-05-15,Australia,,None,25364307,9,0,7044,98
2020-05-15,China,,None,1397715000,5,0,84469,4644
2020-05-15,Canada,,None,37589262,1125,90,74602,5562
2020-05-16,USA,,None,328239523,24121,1284,1449462,86878
2020-05-16,Australia,,None,25364307,10,1,7054,99
2020-05-16,Taiwan,,None,23593794,0,0,440,7
2020-05-16,Canada,,None,37589262,1251,117,75853,5679
2020-05-16,China,,None,1397715000,9,0,84478,4644
2020-05-17,USA,,None,328239523,17920,822,1467382,87700
2020-05-17,Australia,,None,25364307,14,0,7068,99
2020-05-17,Taiwan,,None,23593794,0,0,440,7
2020-05-17,Canada,,None,37589262,1138,103,76991,5782
2020-05-17,China,,None,1397715000,9,1,84487,4645
2020-05-18,Canada,,None,37589262,1070,60,78061,5842
2020-05-18,USA,,None,328239523,20933,1027,1488315,88727
2020-05-18,Australia,,None,25364307,4,1,7072,100
2020-05-18,Taiwan,,None,23593794,0,0,440,7
2020-05-18,China,,None,1397715000,7,0,84494,4645
2020-05-19,USA,,None,328239523,20599,1504,1508914,90231
2020-05-19,Taiwan,,None,23593794,0,0,440,7
2020-05-19,China,,None,1397715000,9,0,84503,4645
2020-05-19,Australia,,None,25364307,9,0,7081,100
2020-05-19,Canada,,None,37589262,1040,70,79101,5912
2020-05-20,Taiwan,,None,23593794,0,0,440,7
2020-05-20,Canada,,None,37589262,1011,118,80112,6030
2020-05-20,USA,,None,328239523,22543,1579,1531457,91810
2020-05-20,Australia,,None,25364307,14,1,7095,101
2020-05-20,China,,None,1397715000,3,0,84506,4645
2020-05-21,Canada,,None,37589262,1201,122,81313,6152
2020-05-21,USA,,None,328239523,25542,1321,1556999,93131
2020-05-21,Australia,,None,25364307,4,0,7099,101
2020-05-21,China,,None,1397715000,18,0,84081,4638
2020-05-21,Taiwan,,None,23593794,1,0,441,7
2020-05-22,Canada,,None,37589262,1156,98,82469,6250
2020-05-22,Australia,,None,25364307,15,1,7114,102
2020-05-22,USA,,None,328239523,23599,1337,1580598,94468
2020-05-22,Taiwan,,None,23593794,1,0,441,7
2020-05-22,China,,None,1397715000,16,0,84522,4645
2020-05-23,USA,,None,328239523,21836,1113,1602434,95581
2020-05-23,Canada,,None,37589262,1141,105,83610,6355
2020-05-23,Australia,,None,25364307,0,0,7114,102
2020-05-23,Taiwan,,None,23593794,0,0,441,7
2020-05-23,China,,None,1397715000,0,0,84522,4645
2020-05-24,Taiwan,,None,23593794,0,0,441,7
2020-05-24,Australia,,None,25364307,12,0,7126,102
2020-05-24,China,,None,1397715000,3,0,84525,4645
2020-05-24,Canada,,None,37589262,1078,69,84688,6424
2020-05-24,USA,,None,328239523,20288,626,1622722,96207
2020-05-25,Canada,,None,37589262,1012,121,85700,6545
2020-05-25,USA,,None,328239523,19464,622,1642186,96829
2020-05-25,Australia,,None,25364307,13,1,7139,103
2020-05-25,China,,None,1397715000,11,0,84536,4645
2020-05-25,Taiwan,,None,23593794,0,0,441,7
2020-05-26,USA,,None,328239523,17832,658,1660018,97487
2020-05-26,Canada,,None,37589262,936,94,86636,6639
2020-05-26,China,,None,1397715000,7,0,84543,4645
2020-05-26,Taiwan,,None,23593794,0,0,441,7
2020-05-26,Australia,,None,25364307,11,0,7150,103
2020-05-27,Canada,,None,37589262,872,126,87508,6765
2020-05-27,Taiwan,,None,23593794,0,0,441,7
2020-05-27,Australia,,None,25364307,15,0,7165,103
2020-05-27,USA,,None,328239523,18458,1355,1678476,98842
2020-05-27,China,,None,1397715000,1,0,84544,4645
2020-05-28,Taiwan,,None,23593794,0,0,441,7
2020-05-28,Australia,,None,25364307,19,0,7184,103
2020-05-28,Canada,,None,37589262,993,112,88501,6877
2020-05-28,China,,None,1397715000,3,0,84547,4645
2020-05-28,USA,,None,328239523,22451,1182,1700927,100024
2020-05-29,Australia,,None,25364307,8,0,7192,103
2020-05-29,Canada,,None,37589262,906,102,89407,6979
2020-05-29,China,,None,1397715000,14,0,84561,4645
2020-05-29,Taiwan,,None,23593794,1,0,442,7
2020-05-29,USA,,None,328239523,24817,1318,1725744,101342
2020-05-30,China,,None,1397715000,4,0,84565,4645
2020-05-30,Taiwan,,None,23593794,0,0,442,7
2020-05-30,Australia,,None,25364307,10,0,7202,103
2020-05-30,Canada,,None,37589262,772,94,90179,7073
2020-05-30,USA,,None,328239523,22515,842,1748259,102184
2020-05-31,Canada,,None,37589262,757,222,90936,7295
2020-05-31,China,,None,1397715000,5,0,84570,4645
2020-05-31,USA,,None,328239523,19461,589,1767720,102773
2020-05-31,Australia,,None,25364307,19,0,7221,102
2020-05-31,Taiwan,,None,23593794,0,0,442,7
2020-06-01,Canada,,None,37589262,758,31,91694,7326
2020-06-01,USA,,None,328239523,21281,699,1789001,103472
2020-06-01,Taiwan,,None,23593794,0,0,443,7
2020-06-01,China,,None,1397715000,19,0,84589,4645
2020-06-01,Australia,,None,25364307,8,0,7229,102
2020-06-02,Canada,,None,37589262,705,69,92399,7395
2020-06-02,USA,,None,328239523,19289,1267,1808290,104739
2020-06-02,Australia,,None,25364307,11,0,7240,102
2020-06-02,China,,None,1397715000,14,0,84603,4645
2020-06-02,Taiwan,,None,23593794,1,0,443,7
2020-06-03,USA,,None,328239523,19633,984,1827923,105723
2020-06-03,Taiwan,,None,23593794,0,0,443,7
2020-06-03,Canada,,None,37589262,675,103,93074,7498
2020-06-03,China,,None,1397715000,0,0,84602,4645
2020-06-03,Australia,,None,25364307,7,0,7247,102
2020-06-04,USA,,None,328239523,21811,986,1849734,106709
2020-06-04,Taiwan,,None,23593794,0,0,443,7
2020-06-04,China,,None,1397715000,6,0,84608,4645
2020-06-04,Canada,,None,37589262,641,139,93715,7637
2020-06-04,Australia,,None,25364307,5,0,7252,102
2020-06-05,Canada,,None,37589262,609,66,94324,7703
2020-06-05,Taiwan,,None,23593794,0,0,443,7
2020-06-05,Australia,,None,25364307,7,0,7259,102
2020-06-05,USA,,None,328239523,28078,1104,1877812,107813
2020-06-05,China,,None,1397715000,6,0,84614,4645
2020-06-06,Taiwan,,None,23593794,0,0,443,7
2020-06-06,Canada,,None,37589262,722,70,95046,7773
2020-06-06,Australia,,None,25364307,6,0,7265,102
2020-06-06,USA,,None,328239523,22901,793,1900713,108606
2020-06-06,China,,None,1397715000,6,0,84620,4645
2020-06-07,Canada,,None,37589262,642,27,95688,7800
2020-06-07,China,,None,1397715000,9,0,84629,4645
2020-06-07,USA,,None,328239523,17886,419,1918599,109025
2020-06-07,Taiwan,,None,23593794,0,0,443,7
2020-06-07,Australia,,None,25364307,2,0,7267,102
2020-06-08,China,,None,1397715000,5,0,84634,4645
2020-06-08,Canada,,None,37589262,545,35,96233,7835
2020-06-08,USA,,None,328239523,17757,548,1936356,109573
2020-06-08,Taiwan,,None,23593794,0,0,443,7
2020-06-08,Australia,,None,25364307,7,0,7274,102
2020-06-09,USA,,None,328239523,18546,947,1954902,110520
2020-06-09,Taiwan,,None,23593794,0,0,443,7
2020-06-09,Canada,,None,37589262,409,62,96642,7897
2020-06-09,China,,None,1397715000,4,0,84638,4645
2020-06-09,Australia,,None,25364307,11,0,7285,102
2020-06-10,Australia,,None,25364307,4,0,7289,102
2020-06-10,USA,,None,328239523,20464,909,1975366,111429
2020-06-10,Canada,,None,37589262,472,63,97114,7960
2020-06-10,China,,None,1397715000,3,0,84641,4645
2020-06-10,Taiwan,,None,23593794,0,0,443,7
2020-06-11,China,,None,1397715000,11,0,84652,4645
2020-06-11,Taiwan,,None,23593794,0,0,443,7
2020-06-11,USA,,None,328239523,22264,894,1997630,112323
2020-06-11,Australia,,None,25364307,5,0,7294,102
2020-06-11,Canada,,None,37589262,405,34,97519,7994
2020-06-12,USA,,None,328239523,25635,760,2023265,113083
2020-06-12,Australia,,None,25364307,26,0,7320,102
2020-06-12,Taiwan,,None,23593794,0,0,443,7
2020-06-12,Canada,,None,37589262,413,55,97932,8049
2020-06-12,China,,None,1397715000,10,0,84662,4645
2020-06-13,Taiwan,,None,23593794,0,0,443,7
2020-06-13,USA,,None,328239523,25135,731,2048400,113814
2020-06-13,China,,None,1397715000,9,0,84671,4645
2020-06-13,Australia,,None,25364307,15,0,7335,102
2020-06-13,Canada,,None,37589262,467,58,98399,8107
2020-06-14,Australia,,None,25364307,12,0,7347,102
2020-06-14,China,,None,1397715000,60,0,84731,4645
2020-06-14,Taiwan,,None,23593794,2,0,445,7
2020-06-14,USA,,None,328239523,20081,327,2068481,114141
2020-06-14,Canada,,None,37589262,377,39,98776,8146
2020-06-15,China,,None,1397715000,49,0,84780,4645
2020-06-15,Australia,,None,25364307,23,0,7370,102
2020-06-15,Canada,,None,37589262,360,29,99136,8175
2020-06-15,Taiwan,,None,23593794,2,0,445,7
2020-06-15,USA,,None,328239523,18723,408,2087204,114549
2020-06-16,Australia,,None,25364307,21,0,7391,102
2020-06-16,Canada,,None,37589262,320,38,99456,8213
2020-06-16,China,,None,1397715000,43,0,84823,4645
2020-06-16,Taiwan,,None,23593794,0,0,445,7
2020-06-16,USA,,None,328239523,25048,749,2112252,115298
2020-06-17,China,,None,1397715000,45,0,84868,4645
2020-06-17,USA,,None,328239523,24140,777,2136392,116075
2020-06-17,Canada,,None,37589262,386,41,99842,8254
2020-06-17,Taiwan,,None,23593794,1,0,446,7
2020-06-17,Australia,,None,25364307,18,0,7409,102
2020-06-18,Taiwan,,None,23593794,1,0,446,7
2020-06-18,Canada,,None,37589262,367,46,100209,8300
2020-06-18,China,,None,1397715000,36,0,84904,4645
2020-06-18,Australia,,None,25364307,2,0,7411,102
2020-06-18,USA,,None,328239523,27305,765,2163697,116840
2020-06-19,Canada,,None,37589262,409,46,100618,8346
2020-06-19,China,,None,1397715000,36,0,84940,4645
2020-06-19,Australia,,None,25364307,50,0,7461,102
2020-06-19,Taiwan,,None,23593794,0,0,446,7
2020-06-19,USA,,None,328239523,31192,790,2194889,117630
2020-06-20,Canada,,None,37589262,390,64,101008,8410
2020-06-20,China,,None,1397715000,30,0,84970,4645
2020-06-20,USA,,None,328239523,30493,562,2225382,118192
2020-06-20,Australia,,None,25364307,13,0,7474,102
2020-06-20,Taiwan,,None,23593794,0,0,446,7
2020-06-21,USA,,None,328239523,27074,268,2252456,118460
2020-06-21,Taiwan,,None,23593794,0,0,446,7
2020-06-21,Canada,,None,37589262,318,20,101326,8430
2020-06-21,China,,None,1397715000,29,1,84999,4646
2020-06-21,Australia,,None,25364307,18,0,7492,102
2020-06-22,USA,,None,328239523,29835,350,2282291,118810
2020-06-22,Canada,,None,37589262,300,6,101626,8436
2020-06-22,Taiwan,,None,23593794,0,0,446,7
2020-06-22,China,,None,1397715000,20,0,85019,4646
2020-06-22,Australia,,None,25364307,29,1,7521,103
2020-06-23,Canada,,None,37589262,326,18,101952,8454
2020-06-23,Taiwan,,None,23593794,0,0,446,7
2020-06-23,China,,None,1397715000,51,0,85070,4646
2020-06-23,USA,,None,328239523,35014,818,2317305,119628
2020-06-23,Australia,,None,25364307,37,1,7558,104
2020-06-24,Taiwan,,None,23593794,1,0,447,7
2020-06-24,China,,None,1397715000,29,1,85099,4647
2020-06-24,Canada,,None,37589262,279,30,102231,8484
2020-06-24,USA,,None,328239523,35225,747,2352530,120375
2020-06-24,Australia,,None,25364307,37,0,7595,104
2020-06-25,Taiwan,,None,23593794,0,0,447,7
2020-06-25,Canada,,None,37589262,380,20,102611,8504
2020-06-25,China,,None,1397715000,20,0,85119,4647
2020-06-25,Australia,,None,25364307,6,0,7601,104
2020-06-25,USA,,None,328239523,38500,613,2391030,120988
2020-06-26,USA,,None,328239523,45883,626,2436913,121614
2020-06-26,China,,None,1397715000,29,1,85148,4648
2020-06-26,Canada,,None,37589262,172,4,102783,8508
2020-06-26,Australia,,None,25364307,85,0,7686,104
2020-06-26,Taiwan,,None,23593794,1,0,447,7
2020-06-27,China,,None,1397715000,24,0,85172,4648
2020-06-27,Canada,,None,37589262,238,8,103021,8516
2020-06-27,Australia,,None,25364307,78,0,7764,104
2020-06-27,Taiwan,,None,23593794,0,0,447,7
2020-06-27,USA,,None,328239523,41642,2384,2478555,123998
2020-06-28,Taiwan,,None,23593794,0,0,447,7
2020-06-28,China,,None,1397715000,18,0,85190,4648
2020-06-28,USA,,None,328239523,38198,255,2516753,124253
2020-06-28,Canada,,None,37589262,218,6,103239,8522
2020-06-28,Australia,,None,25364307,70,0,7834,104
2020-06-29,China,,None,1397715000,14,0,85204,4648
2020-06-29,Taiwan,,None,23593794,0,0,447,7
2020-06-29,Australia,,None,25364307,86,0,7920,104
2020-06-29,USA,,None,328239523,38709,327,2555462,124580
2020-06-29,Canada,,None,37589262,668,44,103907,8566
2020-06-30,Taiwan,,None,23593794,0,0,447,7
2020-06-30,China,,None,1397715000,23,0,85227,4648
2020-06-30,Canada,,None,37589262,286,25,104193,8591
2020-06-30,USA,,None,328239523,47289,1302,2602751,125882
2020-06-30,Australia,,None,25364307,81,0,8001,104
2020-07-01,Canada,,None,37589262,0,0,104193,8591
2020-07-01,Australia,,None,25364307,65,0,8066,104
2020-07-01,Taiwan,,None,23593794,0,0,447,7
2020-07-01,USA,,None,328239523,48959,689,2651710,126571
2020-07-01,China,,None,1397715000,5,0,85232,4648
2020-07-02,Australia,,None,25364307,194,0,8260,104
2020-07-02,Taiwan,,None,23593794,1,0,448,7
2020-07-02,China,,None,1397715000,32,0,85264,4648
2020-07-02,USA,,None,328239523,54513,720,2706223,127291
2020-07-02,Canada,,None,37589262,567,51,104760,8642
2020-07-03,China,,None,1397715000,14,0,85278,4648
2020-07-03,Taiwan,,None,23593794,0,0,449,7
2020-07-03,USA,,None,328239523,55352,686,2761575,127977
2020-07-03,Canada,,None,37589262,319,21,105079,8663
2020-07-03,Australia,,None,25364307,183,0,8443,104
2020-07-04,China,,None,1397715000,10,0,85288,4648
2020-07-04,USA,,None,328239523,45019,261,2806594,128238
2020-07-04,Australia,,None,25364307,140,2,8583,106
2020-07-04,Canada,,None,37589262,226,11,105305,8674
2020-07-04,Taiwan,,None,23593794,1,0,449,7
2020-07-05,Australia,,None,25364307,172,0,8755,106
2020-07-05,USA,,None,328239523,41131,226,2847725,128464
2020-07-05,Taiwan,,None,23593794,0,0,449,7
2020-07-05,Canada,,None,37589262,219,10,105524,8684
2020-07-05,China,,None,1397715000,19,0,85307,4648
2020-07-06,Taiwan,,None,23593794,0,0,449,7
2020-07-06,USA,,None,328239523,53586,384,2901311,128848
2020-07-06,Australia,,None,25364307,131,0,8886,106
2020-07-06,China,,None,1397715000,13,0,85320,4648
2020-07-06,Canada,,None,37589262,399,9,105923,8693
2020-07-07,USA,,None,328239523,55311,1188,2956622,130036
2020-07-07,China,,None,1397715000,18,0,85338,4648
2020-07-07,Canada,,None,37589262,232,18,106155,8711
2020-07-07,Taiwan,,None,23593794,0,0,449,7
2020-07-07,Australia,,None,25364307,170,0,9056,106
2020-07-08,Canada,,None,37589262,267,26,106422,8737
2020-07-08,China,,None,1397715000,28,0,85366,4648
2020-07-08,Australia,,None,25364307,318,0,9374,106
2020-07-08,Taiwan,,None,23593794,0,0,449,7
2020-07-08,USA,,None,328239523,56998,850,3013620,130886
2020-07-09,China,,None,1397715000,33,0,85399,4648
2020-07-09,Canada,,None,37589262,371,12,106793,8749
2020-07-09,Australia,,None,25364307,179,1,9553,107
2020-07-09,USA,,None,328239523,61358,979,3074978,131865
2020-07-09,Taiwan,,None,23593794,0,0,449,7
2020-07-10,Australia,,None,25364307,244,1,9797,108
2020-07-10,Canada,,None,37589262,321,10,107114,8759
2020-07-10,Taiwan,,None,23593794,2,0,451,7
2020-07-10,China,,None,1397715000,42,0,85441,4648
2020-07-10,USA,,None,328239523,69168,826,3144146,132691
2020-07-11,USA,,None,328239523,59632,683,3203778,133374
2020-07-11,Canada,,None,37589262,221,14,107335,8773
2020-07-11,China,,None,1397715000,46,0,85117,4641
2020-07-11,Taiwan,,None,23593794,0,0,451,7
2020-07-11,Australia,,None,25364307,183,0,9980,108
2020-07-12,USA,,None,328239523,56739,425,3260517,133799
2020-07-12,Taiwan,,None,23593794,2,0,451,7
2020-07-12,Australia,,None,25364307,271,0,10251,108
2020-07-12,Canada,,None,37589262,244,10,107579,8783
2020-07-12,China,,None,1397715000,81,0,85522,4648
2020-07-13,Canada,,None,37589262,565,7,108144,8790
2020-07-13,Taiwan,,None,23593794,0,0,451,7
2020-07-13,China,,None,1397715000,46,0,85568,4648
2020-07-13,Australia,,None,25364307,236,3,10487,111
2020-07-13,USA,,None,328239523,55230,380,3315747,134179
2020-07-14,Canada,,None,37589262,331,8,108475,8798
2020-07-14,USA,,None,328239523,66940,874,3382687,135053
2020-07-14,Australia,,None,25364307,323,2,10810,113
2020-07-14,Taiwan,,None,23593794,0,0,451,7
2020-07-14,China,,None,1397715000,20,2,85246,4644
2020-07-15,Canada,,None,37589262,341,12,108816,8810
2020-07-15,USA,,None,328239523,64996,944,3447683,135997
2020-07-15,Taiwan,,None,23593794,0,0,451,7
2020-07-15,Australia,,None,25364307,423,3,11233,116
2020-07-15,China,,None,1397715000,109,1,85677,4649
2020-07-16,Canada,,None,37589262,437,17,109253,8827
2020-07-16,China,,None,1397715000,88,2,85765,4651
2020-07-16,Australia,,None,25364307,208,2,11441,118
2020-07-16,USA,,None,328239523,80104,916,3527787,136913
2020-07-16,Taiwan,,None,23593794,0,0,451,7
2020-07-17,USA,,None,328239523,67821,862,3595608,137775
2020-07-17,Australia,,None,25364307,361,4,11802,122
2020-07-17,Canada,,None,37589262,405,12,109658,8839
2020-07-17,Taiwan,,None,23593794,0,0,451,7
2020-07-17,China,,None,1397715000,0,0,85765,4651
2020-07-18,Australia,,None,25364307,267,1,12069,123
2020-07-18,China,,None,1397715000,85,0,85503,4646
2020-07-18,USA,,None,328239523,65445,917,3661053,138692
2020-07-18,Canada,,None,37589262,330,9,109988,8848
2020-07-18,Taiwan,,None,23593794,0,0,451,7
2020-07-19,Australia,,None,25364307,359,3,12428,126
2020-07-19,Taiwan,,None,23593794,3,0,454,7
2020-07-19,Canada,,None,37589262,339,4,110327,8852
2020-07-19,USA,,None,328239523,60053,402,3721106,139094
2020-07-19,China,,None,1397715000,172,2,85937,4653
2020-07-20,Taiwan,,None,23593794,1,0,455,7
2020-07-20,Australia,,None,25364307,466,2,12894,128
2020-07-20,USA,,None,328239523,58412,413,3779518,139507
2020-07-20,China,,None,1397715000,131,0,86068,4653
2020-07-20,Canada,,None,37589262,786,6,111113,8858
2020-07-21,Australia,,None,25364307,408,5,13302,133
2020-07-21,China,,None,1397715000,84,0,86152,4653
2020-07-21,Canada,,None,37589262,573,4,111684,8862
2020-07-21,Taiwan,,None,23593794,4,0,455,7
2020-07-21,USA,,None,328239523,66974,1024,3846492,140531
2020-07-22,Canada,,None,37589262,543,8,112227,8870
2020-07-22,Taiwan,,None,23593794,0,0,455,7
2020-07-22,USA,,None,328239523,67024,1066,3913516,141597
2020-07-22,Australia,,None,25364307,293,6,13595,139
2020-07-22,China,,None,1397715000,74,2,86226,4655
2020-07-23,Taiwan,,None,23593794,3,0,458,7
2020-07-23,Canada,,None,37589262,432,4,112659,8874
2020-07-23,Australia,,None,25364307,355,6,13950,145
2020-07-23,USA,,None,328239523,68162,1018,3981678,142615
2020-07-23,China,,None,1397715000,135,0,86361,4655
2020-07-24,Taiwan,,None,23593794,0,0,458,7
2020-07-24,USA,,None,328239523,73070,1199,4054748,143814
2020-07-24,China,,None,1397715000,179,2,86381,4652
2020-07-24,Australia,,None,25364307,453,10,14403,155
2020-07-24,Canada,,None,37589262,534,7,113193,8881
2020-07-25,USA,,None,328239523,65999,662,4120747,144476
2020-07-25,Australia,,None,25364307,532,6,14935,161
2020-07-25,Taiwan,,None,23593794,0,0,458,7
2020-07-25,China,,None,1397715000,189,0,86570,4652
2020-07-25,Canada,,None,37589262,350,4,113543,8885
2020-07-26,Canada,,None,37589262,355,5,113898,8890
2020-07-26,Australia,,None,25364307,368,6,15303,167
2020-07-26,Taiwan,,None,23593794,3,0,458,7
2020-07-26,China,,None,1397715000,478,4,86839,4659
2020-07-26,USA,,None,328239523,53968,437,4174715,144913
2020-07-27,Canada,,None,37589262,686,11,114584,8901
2020-07-27,Australia,,None,25364307,279,9,15582,176
2020-07-27,Taiwan,,None,23593794,5,0,467,7
2020-07-27,China,,None,1397715000,189,0,87028,4659
2020-07-27,USA,,None,328239523,57084,1650,4231799,146563
2020-07-28,Canada,,None,37589262,397,11,114980,8912
2020-07-28,Taiwan,,None,23593794,4,0,462,7
2020-07-28,China,,None,1397715000,149,2,87177,4661
2020-07-28,USA,,None,328239523,63911,321,4295710,146884
2020-07-28,Australia,,None,25364307,716,13,16298,189
2020-07-29,USA,,None,328239523,65364,2272,4361074,149156
2020-07-29,Canada,,None,37589262,412,7,115392,8919
2020-07-29,Taiwan,,None,23593794,5,0,467,7
2020-07-29,China,,None,1397715000,280,3,87457,4664
2020-07-29,Australia,,None,25364307,605,7,16903,196
2020-07-30,Australia,,None,25364307,377,5,17280,201
2020-07-30,Canada,,None,37589262,393,10,115785,8929
2020-07-30,Taiwan,,None,23593794,0,0,467,7
2020-07-30,USA,,None,328239523,70376,1254,4431450,150410
2020-07-30,China,,None,1397715000,372,1,87829,4665
2020-07-31,USA,,None,328239523,66042,1456,4497492,151866
2020-07-31,Australia,,None,25364307,615,7,17895,208
2020-07-31,Canada,,None,37589262,513,6,116298,8935
2020-07-31,China,,None,1397715000,248,3,88077,4668
2020-07-31,Taiwan,,None,23593794,7,0,474,7
2020-08-01,Canada,,None,37589262,287,6,116585,8941
2020-08-01,USA,,None,328239523,60621,1120,4558113,152986
2020-08-01,China,,None,1397715000,170,4,88247,4672
2020-08-01,Australia,,None,25364307,423,13,18318,221
2020-08-01,Taiwan,,None,23593794,1,0,475,7
2020-08-02,Taiwan,,None,23593794,7,0,474,7
2020-08-02,China,,None,1397715000,54,2,88301,4674
2020-08-02,Australia,,None,25364307,412,11,18730,232
2020-08-02,USA,,None,328239523,41957,373,4600070,153359
2020-08-02,Canada,,None,37589262,285,4,116870,8945
2020-08-03,China,,None,1397715000,159,2,88460,4676
2020-08-03,Australia,,None,25364307,715,15,19445,247
2020-08-03,Canada,,None,37589262,147,2,117017,8947
2020-08-03,USA,,None,328239523,49708,586,4649778,153945
2020-08-03,Taiwan,,None,23593794,1,0,475,7
2020-08-04,Canada,,None,37589262,761,11,117777,8958
2020-08-04,China,,None,1397715000,114,3,88574,4679
2020-08-04,USA,,None,328239523,52425,1324,4702203,155269
2020-08-04,Taiwan,,None,23593794,0,0,476,7
2020-08-04,Australia,,None,25364307,445,8,19890,255
2020-08-05,China,,None,1397715000,108,4,88682,4683
2020-08-05,Taiwan,,None,23593794,1,0,476,7
2020-08-05,Canada,,None,37589262,395,4,118172,8962
2020-08-05,Australia,,None,25364307,382,11,20272,266
2020-08-05,USA,,None,328239523,53488,1280,4755691,156549
2020-08-06,Australia,,None,25364307,426,12,20698,278
2020-08-06,Taiwan,,None,23593794,0,0,477,7
2020-08-06,USA,,None,328239523,56344,1207,4812035,157756
2020-08-06,Canada,,None,37589262,374,4,118546,8966
2020-08-06,China,,None,1397715000,217,2,88899,4685
2020-08-07,China,,None,1397715000,38,2,88937,4687
2020-08-07,Taiwan,,None,23593794,1,0,477,7
2020-08-07,USA,,None,328239523,60973,1290,4873008,159046
2020-08-07,Canada,,None,37589262,424,4,118970,8970
2020-08-07,Australia,,None,25364307,386,17,21084,295
2020-08-08,Australia,,None,25364307,313,18,21397,313
2020-08-08,USA,,None,328239523,51837,973,4924845,160019
2020-08-08,China,,None,1397715000,120,1,89057,4688
2020-08-08,Taiwan,,None,23593794,0,0,477,7
2020-08-08,Canada,,None,37589262,236,6,119206,8976
2020-08-09,USA,,None,328239523,47694,758,4972539,160777
2020-08-09,Australia,,None,25364307,316,18,21713,331
2020-08-09,Taiwan,,None,23593794,2,0,479,7
2020-08-09,Canada,,None,37589262,230,5,119436,8981
2020-08-09,China,,None,1397715000,166,4,89223,4692
2020-08-10,China,,None,1397715000,116,4,89339,4696
2020-08-10,Australia,,None,25364307,414,21,22127,352
2020-08-10,Taiwan,,None,23593794,3,0,480,7
2020-08-10,Canada,,None,37589262,681,6,120117,8987
2020-08-10,USA,,None,328239523,42336,459,5014875,161236
2020-08-11,Taiwan,,None,23593794,1,0,480,7
2020-08-11,USA,,None,328239523,56612,1414,5071487,162650
2020-08-11,Canada,,None,37589262,289,4,120406,8991
2020-08-11,Australia,,None,25364307,231,9,22358,361
2020-08-11,China,,None,1397715000,44,1,89383,4697
2020-08-12,China,,None,1397715000,117,7,89500,4704
2020-08-12,Taiwan,,None,23593794,0,0,481,7
2020-08-12,Canada,,None,37589262,423,15,120829,9006
2020-08-12,Australia,,None,25364307,384,14,22742,375
2020-08-12,USA,,None,328239523,52918,1444,5124405,164094
2020-08-13,Australia,,None,25364307,293,4,23035,379
2020-08-13,USA,,None,328239523,51648,1181,5176053,165275
2020-08-13,Taiwan,,None,23593794,1,0,481,7
2020-08-13,China,,None,1397715000,26,0,89526,4704
2020-08-13,Canada,,None,37589262,390,9,121234,9015
2020-08-14,USA,,None,328239523,57357,1165,5233410,166440
2020-08-14,Australia,,None,25364307,252,17,23287,396
2020-08-14,Canada,,None,37589262,418,5,121652,9020
2020-08-14,China,,None,1397715000,99,3,89625,4707
2020-08-14,Taiwan,,None,23593794,1,0,482,7
2020-08-15,Canada,,None,37589262,237,4,121889,9024
2020-08-15,Taiwan,,None,23593794,2,0,484,7
2020-08-15,Australia,,None,25364307,271,25,23558,421
2020-08-15,China,,None,1397715000,70,1,89695,4708
2020-08-15,USA,,None,328239523,50142,1090,5283552,167530
2020-08-16,China,,None,1397715000,66,2,89761,4710
2020-08-16,Canada,,None,37589262,198,2,122087,9026
2020-08-16,USA,,None,328239523,37976,539,5321528,168069
2020-08-16,Australia,,None,25364307,215,17,23773,438
2020-08-16,Taiwan,,None,23593794,1,0,482,7
2020-08-17,China,,None,1397715000,100,0,89861,4710
2020-08-17,Taiwan,,None,23593794,2,0,484,7
2020-08-17,USA,,None,328239523,40247,480,5361775,168549
2020-08-17,Australia,,None,25364307,216,12,23989,450
2020-08-17,Canada,,None,37589262,785,6,122872,9032
2020-08-18,Taiwan,,None,23593794,1,0,485,7
2020-08-18,China,,None,1397715000,65,0,89926,4710
2020-08-18,Canada,,None,37589262,282,12,123154,9044
2020-08-18,Australia,,None,25364307,247,13,24236,463
2020-08-18,USA,,None,328239523,41337,1243,5403112,169792
2020-08-19,USA,,None,328239523,45092,1422,5448204,171214
2020-08-19,Taiwan,,None,23593794,1,0,486,7
2020-08-19,Australia,,None,25364307,171,9,24407,472
2020-08-19,China,,None,1397715000,54,2,89980,4712
2020-08-19,Canada,,None,37589262,336,5,123490,9049
2020-08-20,Taiwan,,None,23593794,0,0,486,7
2020-08-20,China,,None,1397715000,55,2,90035,4714
2020-08-20,Canada,,None,37589262,383,5,123873,9054
2020-08-20,USA,,None,328239523,43689,1126,5491893,172340
2020-08-20,Australia,,None,25364307,195,13,24602,485
2020-08-21,Canada,,None,37589262,499,10,124372,9064
2020-08-21,USA,,None,328239523,49405,1149,5541298,173489
2020-08-21,Australia,,None,25364307,209,17,24811,502
2020-08-21,China,,None,1397715000,18,2,90053,4716
2020-08-21,Taiwan,,None,23593794,0,0,487,7
2020-08-22,Australia,,None,25364307,104,15,24915,517
2020-08-22,Canada,,None,37589262,257,7,124629,9071
2020-08-22,USA,,None,328239523,45302,1018,5586600,174507
2020-08-22,China,,None,1397715000,50,0,90103,4716
2020-08-22,Taiwan,,None,23593794,1,0,487,7
2020-08-23,Australia,,None,25364307,138,8,25053,525
2020-08-23,USA,,None,328239523,31749,438,5618349,174945
2020-08-23,China,,None,1397715000,38,2,90141,4718
2020-08-23,Taiwan,,None,23593794,0,0,487,7
2020-08-23,Canada,,None,37589262,267,2,124896,9073
2020-08-24,Australia,,None,25364307,151,24,25204,549
2020-08-24,Canada,,None,37589262,751,10,125647,9083
2020-08-24,China,,None,1397715000,42,0,90183,4718
2020-08-24,USA,,None,328239523,36946,441,5655295,175386
2020-08-24,Taiwan,,None,23593794,0,0,487,7
2020-08-25,Taiwan,,None,23593794,0,0,487,7
2020-08-25,China,,None,1397715000,22,0,90205,4718
2020-08-25,Canada,,None,37589262,322,7,125969,9090
2020-08-25,Australia,,None,25364307,118,23,25322,572
2020-08-25,USA,,None,328239523,38374,1166,5693669,176552
2020-08-26,China,,None,1397715000,34,1,90239,4719
2020-08-26,Australia,,None,25364307,126,11,25448,583
2020-08-26,Taiwan,,None,23593794,0,0,487,7
2020-08-26,USA,,None,328239523,45792,1453,5739461,178005
2020-08-26,Canada,,None,37589262,448,4,126417,9094
2020-08-27,Australia,,None,25364307,99,17,25547,600
2020-08-27,China,,None,1397715000,32,1,90271,4720
2020-08-27,USA,,None,328239523,45807,1116,5785268,179121
2020-08-27,Canada,,None,37589262,401,8,126848,9102
2020-08-27,Taiwan,,None,23593794,0,0,487,7
2020-08-28,Taiwan,,None,23593794,1,0,488,7
2020-08-28,Canada,,None,37589262,492,11,127310,9113
2020-08-28,USA,,None,328239523,44915,990,5830183,180111
2020-08-28,China,,None,1397715000,30,2,90301,4722
2020-08-28,Australia,,None,25364307,123,11,25670,611
2020-08-29,Australia,,None,25364307,76,41,25746,652
2020-08-29,China,,None,1397715000,22,3,90323,4725
2020-08-29,Taiwan,,None,23593794,0,0,488,7
2020-08-29,USA,,None,328239523,42948,939,5873131,181050
2020-08-29,Canada,,None,37589262,363,0,127673,9113
2020-08-30,China,,None,1397715000,43,4,90366,4729
2020-08-30,Taiwan,,None,23593794,1,0,488,7
2020-08-30,Australia,,None,25364307,73,5,25819,657
2020-08-30,USA,,None,328239523,33477,404,5906608,181454
2020-08-30,Canada,,None,37589262,267,4,127940,9117
2020-08-31,Taiwan,,None,23593794,0,0,488,7
2020-08-31,USA,,None,328239523,35588,478,5942196,181932
2020-08-31,China,,None,1397715000,20,0,90386,4729
2020-08-31,Australia,,None,25364307,104,6,25923,663
2020-08-31,Canada,,None,37589262,1008,9,128948,9126
2020-09-01,Canada,,None,37589262,477,6,129425,9132
2020-09-01,USA,,None,328239523,42987,1070,5985183,183002
2020-09-01,Australia,,None,25364307,126,15,26049,678
2020-09-01,China,,None,1397715000,16,1,90402,4730
2020-09-01,Taiwan,,None,23593794,1,0,489,7
2020-09-02,Canada,,None,37589262,498,3,129923,9135
2020-09-02,Australia,,None,25364307,87,59,26136,737
2020-09-02,China,,None,1397715000,20,1,90422,4731
2020-09-02,Taiwan,,None,23593794,0,0,489,7
2020-09-02,USA,,None,328239523,39839,1033,6025022,184035
2020-09-03,Australia,,None,25364307,71,11,26207,748
2020-09-03,Taiwan,,None,23593794,1,0,489,7
2020-09-03,Canada,,None,37589262,570,6,130493,9141
2020-09-03,USA,,None,328239523,42792,1062,6067814,185097
2020-09-03,China,,None,1397715000,28,3,90450,4734
2020-09-04,Canada,,None,37589262,631,0,131124,9141
2020-09-04,Taiwan,,None,23593794,2,0,492,7
2020-09-04,China,,None,1397715000,26,1,90476,4735
2020-09-04,USA,,None,328239523,49473,931,6117287,186028
2020-09-04,Australia,,None,25364307,71,5,26278,753
2020-09-05,Taiwan,,None,23593794,3,0,492,7
2020-09-05,Canada,,None,37589262,371,2,131495,9143
2020-09-05,Australia,,None,25364307,43,9,26321,762
2020-09-05,USA,,None,328239523,44338,863,6161625,186891
2020-09-05,China,,None,1397715000,24,0,90500,4735
2020-09-06,Canada,,None,37589262,400,2,131895,9145
2020-09-06,Australia,,None,25364307,52,8,26373,770
2020-09-06,USA,,None,328239523,30971,387,6192596,187278
2020-09-06,China,,None,1397715000,18,0,90518,4735
2020-09-06,Taiwan,,None,23593794,1,0,493,7
2020-09-07,China,,None,1397715000,33,2,90551,4737
2020-09-07,Taiwan,,None,23593794,1,0,495,7
2020-09-07,USA,,None,328239523,25783,244,6218379,187522
2020-09-07,Australia,,None,25364307,92,11,26465,781
2020-09-07,Canada,,None,37589262,247,1,132142,9146
2020-09-08,China,,None,1397715000,22,2,90573,4739
2020-09-08,Australia,,None,25364307,59,7,26524,788
2020-09-08,USA,,None,328239523,23277,376,6241656,187898
2020-09-08,Canada,,None,37589262,1606,7,133748,9153
2020-09-08,Taiwan,,None,23593794,1,0,494,7
2020-09-09,Taiwan,,None,23593794,1,0,495,7
2020-09-09,Australia,,None,25364307,40,9,26564,797
2020-09-09,USA,,None,328239523,34740,1157,6276396,189055
2020-09-09,Canada,,None,37589262,546,2,134294,9155
2020-09-09,China,,None,1397715000,9,1,90582,4740
2020-09-10,USA,,None,328239523,36867,1065,6313263,190120
2020-09-10,Canada,,None,37589262,630,8,134924,9163
2020-09-10,China,,None,1397715000,13,0,90595,4740
2020-09-10,Australia,,None,25364307,43,6,26607,803
2020-09-10,Taiwan,,None,23593794,2,0,498,7
2020-09-11,Australia,,None,25364307,44,7,26651,810
2020-09-11,USA,,None,328239523,46062,1090,6359325,191210
2020-09-11,China,,None,1397715000,28,0,90623,4740
2020-09-11,Taiwan,,None,23593794,1,0,496,7
2020-09-11,Canada,,None,37589262,702,0,135626,9163
2020-09-12,China,,None,1397715000,20,0,90643,4740
2020-09-12,Canada,,None,37589262,515,7,136141,9170
2020-09-12,USA,,None,328239523,38646,693,6397971,191903
2020-09-12,Taiwan,,None,23593794,2,0,498,7
2020-09-12,Australia,,None,25364307,41,6,26692,816
2020-09-13,USA,,None,328239523,34720,383,6432691,192286
2020-09-13,Taiwan,,None,23593794,1,0,499,7
2020-09-13,China,,None,1397715000,42,1,90685,4741
2020-09-13,Australia,,None,25364307,47,0,26739,816
2020-09-13,Canada,,None,37589262,518,1,136659,9171
2020-09-14,China,,None,1397715000,24,1,90709,4742
2020-09-14,Canada,,None,37589262,1351,8,138010,9179
2020-09-14,Taiwan,,None,23593794,0,0,499,7
2020-09-14,USA,,None,328239523,33875,416,6466566,192702
2020-09-14,Australia,,None,25364307,39,8,26778,824
2020-09-15,USA,,None,328239523,41108,1084,6507674,193786
2020-09-15,Taiwan,,None,23593794,1,0,499,7
2020-09-15,Australia,,None,25364307,35,8,26813,832
2020-09-15,China,,None,1397715000,9,0,90718,4742
2020-09-15,Canada,,None,37589262,793,9,138803,9188
2020-09-16,Taiwan,,None,23593794,3,0,503,7
2020-09-16,Australia,,None,25364307,48,5,26861,837
2020-09-16,China,,None,1397715000,25,1,90743,4743
2020-09-16,USA,,None,328239523,40524,1124,6548198,194910
2020-09-16,Canada,,None,37589262,944,5,139747,9193
2020-09-17,Australia,,None,25364307,24,7,26885,844
2020-09-17,USA,,None,328239523,43870,840,6592068,195750
2020-09-17,China,,None,1397715000,10,0,90753,4743
2020-09-17,Taiwan,,None,23593794,1,0,500,7
2020-09-17,Canada,,None,37589262,1120,7,140867,9200
2020-09-18,Canada,,None,37589262,1044,5,141911,9205
2020-09-18,USA,,None,328239523,48507,915,6640575,196665
2020-09-18,Australia,,None,25364307,13,5,26898,849
2020-09-18,Taiwan,,None,23593794,3,0,503,7
2020-09-18,China,,None,1397715000,47,0,90800,4743
2020-09-19,Taiwan,,None,23593794,1,0,507,7
2020-09-19,China,,None,1397715000,14,1,90814,4744
2020-09-19,USA,,None,328239523,42667,697,6683242,197362
2020-09-19,Canada,,None,37589262,863,6,142774,9211
2020-09-19,Australia,,None,25364307,14,2,26912,851
2020-09-20,Taiwan,,None,23593794,3,0,506,7
2020-09-20,Australia,,None,25364307,30,3,26942,854
2020-09-20,USA,,None,328239523,34595,273,6717837,197635
2020-09-20,Canada,,None,37589262,875,6,143649,9217
2020-09-20,China,,None,1397715000,26,0,90840,4744
2020-09-21,USA,,None,328239523,37264,299,6755101,197934
2020-09-21,China,,None,1397715000,38,0,90878,4744
2020-09-21,Taiwan,,None,23593794,3,0,509,7
2020-09-21,Australia,,None,25364307,30,5,26972,859
2020-09-21,Canada,,None,37589262,1766,11,145415,9228
2020-09-22,Canada,,None,37589262,1248,6,146663,9234
2020-09-22,USA,,None,328239523,49757,915,6804858,198849
2020-09-22,China,,None,1397715000,20,0,90898,4744
2020-09-22,Taiwan,,None,23593794,0,0,509,7
2020-09-22,Australia,,None,25364307,8,2,26980,861
2020-09-23,China,,None,1397715000,10,0,90908,4744
2020-09-23,Taiwan,,None,23593794,0,0,509,7
2020-09-23,Australia,,None,25364307,20,8,27000,869
2020-09-23,Canada,,None,37589262,1090,9,147753,9243
2020-09-23,USA,,None,328239523,39058,1125,6843916,199974
2020-09-24,China,,None,1397715000,10,1,90918,4745
2020-09-24,Australia,,None,25364307,16,1,27016,870
2020-09-24,Taiwan,,None,23593794,0,0,509,7
2020-09-24,Canada,,None,37589262,1341,6,149094,9249
2020-09-24,USA,,None,328239523,42194,939,6886110,200913
2020-09-25,USA,,None,328239523,57206,900,6943316,201813
2020-09-25,China,,None,1397715000,15,0,90933,4745
2020-09-25,Canada,,None,37589262,1362,6,150456,9255
2020-09-25,Taiwan,,None,23593794,0,0,510,7
2020-09-25,Australia,,None,25364307,24,2,27040,872
2020-09-26,USA,,None,328239523,46176,725,6989492,202538
2020-09-26,China,,None,1397715000,19,1,90952,4746
2020-09-26,Taiwan,,None,23593794,1,0,510,7
2020-09-26,Canada,,None,37589262,1215,7,151671,9262
2020-09-26,Australia,,None,25364307,4,3,27044,875
2020-09-27,USA,,None,328239523,34605,241,7024097,202779
2020-09-27,Taiwan,,None,23593794,3,0,513,7
2020-09-27,Canada,,None,37589262,1454,6,153125,9268
2020-09-27,China,,None,1397715000,14,0,90966,4746
2020-09-27,Australia,,None,25364307,11,7,27055,882
2020-09-28,Australia,,None,25364307,23,4,27078,886
2020-09-28,Canada,,None,37589262,2176,10,155301,9278
2020-09-28,Taiwan,,None,23593794,0,0,513,7
2020-09-28,USA,,None,328239523,32202,325,7056299,203104
2020-09-28,China,,None,1397715000,37,0,91003,4746
2020-09-29,Canada,,None,37589262,1660,13,156961,9291
2020-09-29,Australia,,None,25364307,18,2,27096,888
2020-09-29,Taiwan,,None,23593794,3,0,513,7
2020-09-29,USA,,None,328239523,37133,848,7093432,203952
2020-09-29,China,,None,1397715000,15,0,91018,4746
2020-09-30,Taiwan,,None,23593794,1,0,515,7
2020-09-30,USA,,None,328239523,45560,999,7138992,204951
2020-09-30,China,,None,1397715000,23,0,91041,4746
2020-09-30,Australia,,None,25364307,13,2,27109,890
2020-09-30,Canada,,None,37589262,1797,6,158758,9297
2020-10-01,China,,None,1397715000,20,0,91061,4746
2020-10-01,Australia,,None,25364307,12,3,27121,893
2020-10-01,USA,,None,328239523,46887,892,7185879,205843
2020-10-01,Taiwan,,None,23593794,1,0,514,7
2020-10-01,Canada,,None,37589262,1777,22,160535,9319
2020-10-02,USA,,None,328239523,48284,801,7234163,206644
2020-10-02,China,,None,1397715000,21,0,91082,4746
2020-10-02,Australia,,None,25364307,14,1,27135,894
2020-10-02,Taiwan,,None,23593794,1,0,515,7
2020-10-02,Canada,,None,37589262,2124,90,162659,9409
2020-10-03,Australia,,None,25364307,13,0,27148,894
2020-10-03,Taiwan,,None,23593794,2,0,517,7
2020-10-03,USA,,None,328239523,51810,731,7285973,207375
2020-10-03,Canada,,None,37589262,1812,53,164471,9462
2020-10-03,China,,None,1397715000,19,0,91101,4746
2020-10-04,Taiwan,,None,23593794,1,0,518,7
2020-10-04,Australia,,None,25364307,25,1,27173,895
2020-10-04,USA,,None,328239523,35527,300,7321500,207675
2020-10-04,China,,None,1397715000,20,0,91121,4746
2020-10-04,Canada,,None,37589262,1685,19,166156,9481
2020-10-05,Taiwan,,None,23593794,3,0,521,7
2020-10-05,USA,,None,328239523,37071,92,7358571,207767
2020-10-05,Canada,,None,37589262,2804,23,168960,9504
2020-10-05,China,,None,1397715000,25,0,91146,4746
2020-10-05,Australia,,None,25364307,8,2,27181,897
2020-10-06,Taiwan,,None,23593794,1,0,518,7
2020-10-06,China,,None,1397715000,25,0,91171,4746
2020-10-06,USA,,None,328239523,40866,942,7399437,208709
2020-10-06,Canada,,None,37589262,2363,26,171323,9530
2020-10-06,Australia,,None,25364307,25,0,27206,897
2020-10-07,China,,None,1397715000,17,0,91188,4746
2020-10-07,Canada,,None,37589262,1800,11,173123,9541
2020-10-07,Taiwan,,None,23593794,3,0,521,7
2020-10-07,Australia,,None,25364307,20,0,27226,897
2020-10-07,USA,,None,328239523,49964,918,7449401,209627
2020-10-08,USA,,None,328239523,56452,928,7505853,210555
2020-10-08,Taiwan,,None,23593794,2,0,523,7
2020-10-08,China,,None,1397715000,24,0,91212,4746
2020-10-08,Australia,,None,25364307,18,0,27244,897
2020-10-08,Canada,,None,37589262,2436,16,175559,9557
2020-10-09,USA,,None,328239523,56721,899,7562574,211454
2020-10-09,Canada,,None,37589262,2558,28,178117,9585
2020-10-09,Taiwan,,None,23593794,1,0,524,7
2020-10-09,China,,None,1397715000,40,0,91252,4746
2020-10-09,Australia,,None,25364307,19,1,27263,898
2020-10-10,Australia,,None,25364307,22,0,27285,898
2020-10-10,Taiwan,,None,23593794,3,0,527,7
2020-10-10,China,,None,1397715000,32,0,91284,4746
2020-10-10,Canada,,None,37589262,2062,23,180179,9608
2020-10-10,USA,,None,328239523,54093,593,7616667,212047
2020-10-11,Canada,,None,37589262,1685,5,181864,9613
2020-10-11,USA,,None,328239523,43191,500,7659858,212547
2020-10-11,China,,None,1397715000,21,0,91305,4746
2020-10-11,Australia,,None,25364307,25,1,27310,899
2020-10-11,Taiwan,,None,23593794,2,0,529,7
2020-10-12,Canada,,None,37589262,975,14,182839,9627
2020-10-12,USA,,None,328239523,42554,283,7702412,212830
2020-10-12,Australia,,None,25364307,27,5,27337,904
2020-10-12,China,,None,1397715000,34,0,91339,4746
2020-10-12,Taiwan,,None,23593794,1,0,530,7
2020-10-13,Canada,,None,37589262,4042,27,186881,9654
2020-10-13,Taiwan,,None,23593794,3,0,530,7
2020-10-13,Australia,,None,25364307,20,0,27357,904
2020-10-13,China,,None,1397715000,29,0,91368,4746
2020-10-13,USA,,None,328239523,50384,761,7752796,213591
2020-10-14,Taiwan,,None,23593794,1,0,531,7
2020-10-14,USA,,None,328239523,59679,908,7812475,214499
2020-10-14,Australia,,None,25364307,14,0,27371,904
2020-10-14,China,,None,1397715000,20,0,91388,4746
2020-10-14,Canada,,None,37589262,2506,10,189385,9664
2020-10-15,Australia,,None,25364307,7,0,27378,904
2020-10-15,USA,,None,328239523,66675,1156,7879150,215655
2020-10-15,Taiwan,,None,23593794,0,0,530,7
2020-10-15,Canada,,None,37589262,2345,35,191730,9699
2020-10-15,China,,None,1397715000,23,0,91411,4746
2020-10-16,Canada,,None,37589262,2374,23,194106,9722
2020-10-16,Australia,,None,25364307,12,0,27390,904
2020-10-16,USA,,None,328239523,63730,823,7942880,216478
2020-10-16,China,,None,1397715000,25,0,91436,4746
2020-10-16,Taiwan,,None,23593794,1,0,531,7
2020-10-17,Australia,,None,25364307,9,1,27399,905
2020-10-17,China,,None,1397715000,24,0,91460,4746
2020-10-17,USA,,None,328239523,59992,643,8002872,217121
2020-10-17,Canada,,None,37589262,2215,24,196321,9746
2020-10-17,Taiwan,,None,23593794,4,0,535,7
2020-10-18,Australia,,None,25364307,6,0,27405,905
2020-10-18,China,,None,1397715000,30,0,91490,4746
2020-10-18,Canada,,None,37589262,1827,14,198148,9760
2020-10-18,Taiwan,,None,23593794,5,0,540,7
2020-10-18,USA,,None,328239523,46979,368,8049851,217489
2020-10-19,Canada,,None,37589262,3289,18,201437,9778
2020-10-19,USA,,None,328239523,56778,550,8106629,218039
2020-10-19,China,,None,1397715000,34,0,91524,4746
2020-10-19,Australia,,None,25364307,38,0,27443,905
2020-10-19,Taiwan,,None,23593794,3,0,543,7
2020-10-20,Australia,,None,25364307,15,0,27458,905
2020-10-20,USA,,None,328239523,60111,955,8166740,218994
2020-10-20,Taiwan,,None,23593794,5,0,540,7
2020-10-20,China,,None,1397715000,22,0,91546,4746
2020-10-20,Canada,,None,37589262,2251,16,203688,9794
2020-10-21,Australia,,None,25364307,18,0,27476,905
2020-10-21,China,,None,1397715000,19,0,91565,4746
2020-10-21,USA,,None,328239523,62516,1112,8229256,220106
2020-10-21,Taiwan,,None,23593794,3,0,543,7
2020-10-21,Canada,,None,37589262,2672,35,206360,9829
2020-10-22,Taiwan,,None,23593794,5,0,548,7
2020-10-22,China,,None,1397715000,38,0,91603,4746
2020-10-22,Australia,,None,25364307,19,0,27495,905
2020-10-22,USA,,None,328239523,77365,1012,8306621,221118
2020-10-22,Canada,,None,37589262,2788,33,209148,9862
2020-10-23,Australia,,None,25364307,18,0,27513,905
2020-10-23,China,,None,1397715000,18,0,91621,4746
2020-10-23,Taiwan,,None,23593794,2,0,550,7
2020-10-23,Canada,,None,37589262,2584,26,211732,9888
2020-10-23,USA,,None,328239523,82827,955,8389448,222073
2020-10-24,Taiwan,,None,23593794,0,0,550,7
2020-10-24,USA,,None,328239523,71032,704,8460480,222777
2020-10-24,Australia,,None,25364307,12,0,27525,905
2020-10-24,China,,None,1397715000,35,0,91656,4746
2020-10-24,Canada,,None,37589262,2227,34,213959,9922
2020-10-25,Canada,,None,37589262,2145,24,216104,9946
2020-10-25,China,,None,1397715000,22,0,91678,4746
2020-10-25,Australia,,None,25364307,14,0,27539,905
2020-10-25,Taiwan,,None,23593794,2,0,550,7
2020-10-25,USA,,None,328239523,62897,367,8523377,223144
2020-10-26,Canada,,None,37589262,4109,27,220213,9973
2020-10-26,Taiwan,,None,23593794,0,0,550,7
2020-10-26,Australia,,None,25364307,14,2,27553,907
2020-10-26,China,,None,1397715000,23,0,91701,4746
2020-10-26,USA,,None,328239523,68068,662,8591445,223806
2020-10-27,China,,None,1397715000,24,0,91725,4746
2020-10-27,Taiwan,,None,23593794,0,0,550,7
2020-10-27,Australia,,None,25364307,12,0,27565,907
2020-10-27,USA,,None,328239523,71006,939,8662451,224745
2020-10-27,Canada,,None,37589262,2674,28,222887,10001
2020-10-28,Canada,,None,37589262,2699,31,225586,10032
2020-10-28,Taiwan,,None,23593794,3,0,553,7
2020-10-28,Australia,,None,25364307,14,0,27579,907
2020-10-28,USA,,None,328239523,78233,926,8740684,225671
2020-10-28,China,,None,1397715000,47,0,91772,4746
2020-10-29,Canada,,None,37589262,2956,42,228542,10074
2020-10-29,USA,,None,328239523,88816,1004,8829500,226675
2020-10-29,Taiwan,,None,23593794,0,0,550,7
2020-10-29,Australia,,None,25364307,6,0,27585,907
2020-10-29,China,,None,1397715000,49,0,91821,4746
2020-10-30,China,,None,1397715000,31,0,91852,4746
2020-10-30,Canada,,None,37589262,3457,36,231999,10110
2020-10-30,USA,,None,328239523,96259,949,8925759,227624
2020-10-30,Taiwan,,None,23593794,3,0,553,7
2020-10-30,Australia,,None,25364307,10,0,27595,907
2020-10-31,USA,,None,328239523,73348,746,8999107,228370
2020-10-31,Taiwan,,None,23593794,1,0,554,7
2020-10-31,China,,None,1397715000,41,0,91893,4746
2020-10-31,Australia,,None,25364307,6,0,27601,907
2020-10-31,Canada,,None,37589262,3445,26,235444,10136
2020-11-01,China,,None,1397715000,28,0,91921,4746
2020-11-01,Taiwan,,None,23593794,1,0,555,7
2020-11-01,Australia,,None,25364307,9,0,27610,907
2020-11-01,USA,,None,328239523,82784,413,9081891,228783
2020-11-01,Canada,,None,37589262,3244,43,238688,10179
2020-11-02,Australia,,None,25364307,12,0,27622,907
2020-11-02,Taiwan,,None,23593794,3,0,558,7
2020-11-02,Canada,,None,37589262,3273,29,241961,10208
2020-11-02,USA,,None,328239523,85734,538,9167625,229321
2020-11-02,China,,None,1397715000,34,0,91955,4746
2020-11-03,Australia,,None,25364307,8,0,27630,907
2020-11-03,USA,,None,328239523,91783,1278,9259408,230599
2020-11-03,China,,None,1397715000,60,0,92015,4746
2020-11-03,Canada,,None,37589262,2974,71,244935,10279
2020-11-03,Taiwan,,None,23593794,5,0,563,7
2020-11-04,Canada,,None,37589262,3283,57,248218,10336
2020-11-04,USA,,None,328239523,107423,1124,9366831,231723
2020-11-04,Australia,,None,25364307,14,0,27644,907
2020-11-04,China,,None,1397715000,33,0,92048,4746
2020-11-04,Taiwan,,None,23593794,4,0,567,7
2020-11-05,Australia,,None,25364307,8,0,27652,907
2020-11-05,Canada,,None,37589262,3922,45,252140,10381
2020-11-05,China,,None,1397715000,29,1,92077,4747
2020-11-05,Taiwan,,None,23593794,1,0,568,7
2020-11-05,USA,,None,328239523,117640,1120,9484471,232843
2020-11-06,Australia,,None,25364307,6,0,27658,907
2020-11-06,China,,None,1397715000,44,1,92121,4748
2020-11-06,Canada,,None,37589262,3669,55,255809,10436
2020-11-06,USA,,None,328239523,132285,1094,9616756,233937
2020-11-06,Taiwan,,None,23593794,1,0,569,7
2020-11-07,Taiwan,,None,23593794,4,0,573,7
2020-11-07,Australia,,None,25364307,7,0,27665,907
2020-11-07,China,,None,1397715000,43,0,92164,4748
2020-11-07,Canada,,None,37589262,4246,54,260055,10490
2020-11-07,USA,,None,328239523,112590,898,9729346,234835
2020-11-08,USA,,None,328239523,103661,437,9833007,235272
2020-11-08,Taiwan,,None,23593794,4,0,577,7
2020-11-08,China,,None,1397715000,45,0,92209,4748
2020-11-08,Canada,,None,37589262,4594,32,264649,10522
2020-11-08,Australia,,None,25364307,4,0,27669,907
2020-11-09,USA,,None,328239523,127061,902,9960068,236174
2020-11-09,Australia,,None,25364307,2,0,27671,907
2020-11-09,China,,None,1397715000,33,0,92242,4748
2020-11-09,Canada,,None,37589262,4086,42,268735,10564
2020-11-09,Taiwan,,None,23593794,2,0,580,7
2020-11-10,China,,None,1397715000,29,0,92271,4748
2020-11-10,Australia,,None,25364307,4,0,27675,907
2020-11-10,Taiwan,,None,23593794,1,0,578,7
2020-11-10,USA,,None,328239523,139855,1311,10099923,237485
2020-11-10,Canada,,None,37589262,4302,68,273037,10632
2020-11-11,Australia,,None,25364307,1,0,27676,907
2020-11-11,USA,,None,328239523,146379,1504,10246302,238989
2020-11-11,Canada,,None,37589262,4559,53,277596,10685
2020-11-11,China,,None,1397715000,28,1,92299,4749
2020-11-11,Taiwan,,None,23593794,2,0,580,7
2020-11-12,Australia,,None,25364307,6,0,27682,907
2020-11-12,China,,None,1397715000,37,0,92336,4749
2020-11-12,Taiwan,,None,23593794,4,0,584,7
2020-11-12,USA,,None,328239523,145764,1060,10392066,240049
2020-11-12,Canada,,None,37589262,4981,83,282577,10768
2020-11-13,Canada,,None,37589262,4741,60,287318,10828
2020-11-13,China,,None,1397715000,36,0,92372,4749
2020-11-13,Taiwan,,None,23593794,5,0,589,7
2020-11-13,USA,,None,328239523,180166,1516,10572232,241565
2020-11-13,Australia,,None,25364307,29,0,27711,907
2020-11-14,Australia,,None,25364307,38,0,27749,907
2020-11-14,Canada,,None,37589262,5267,63,292585,10891
2020-11-14,USA,,None,328239523,161190,1197,10733422,242762
2020-11-14,China,,None,1397715000,32,0,92404,4749
2020-11-14,Taiwan,,None,23593794,8,0,597,7
2020-11-15,USA,,None,328239523,133788,591,10867210,243353
2020-11-15,China,,None,1397715000,24,0,92428,4749
2020-11-15,Australia,,None,25364307,9,0,27758,907
2020-11-15,Taiwan,,None,23593794,3,0,600,7
2020-11-15,Canada,,None,37589262,4805,62,297390,10953
2020-11-16,Canada,,None,37589262,4802,74,302192,11027
2020-11-16,China,,None,1397715000,24,0,92452,4749
2020-11-16,Australia,,None,25364307,19,0,27777,907
2020-11-16,Taiwan,,None,23593794,2,0,602,7
2020-11-16,USA,,None,328239523,153284,742,11020494,244095
2020-11-17,China,,None,1397715000,24,0,92476,4749
2020-11-17,Canada,,None,37589262,4276,59,306468,11086
2020-11-17,Australia,,None,25364307,8,0,27785,907
2020-11-17,Taiwan,,None,23593794,1,0,603,7
2020-11-17,USA,,None,328239523,143582,1417,11164076,245512
2020-11-18,Canada,,None,37589262,4641,100,311109,11186
2020-11-18,China,,None,1397715000,14,0,92490,4749
2020-11-18,Taiwan,,None,23593794,2,0,605,7
2020-11-18,Australia,,None,25364307,7,0,27792,907
2020-11-18,USA,,None,328239523,161476,1794,11325552,247306
2020-11-19,Canada,,None,37589262,4642,79,315751,11265
2020-11-19,Taiwan,,None,23593794,2,0,607,7
2020-11-19,China,,None,1397715000,23,0,92513,4749
2020-11-19,Australia,,None,25364307,14,0,27806,907
2020-11-19,USA,,None,328239523,191574,2234,11517126,249540
2020-11-20,Canada,,None,37589262,4968,69,320719,11334
2020-11-20,Taiwan,,None,23593794,2,0,609,7
2020-11-20,Australia,,None,25364307,15,0,27821,907
2020-11-20,China,,None,1397715000,31,0,92544,4749
2020-11-20,USA,,None,328239523,173404,1579,11690530,251119
2020-11-21,Taiwan,,None,23593794,2,0,611,7
2020-11-21,Australia,,None,25364307,13,0,27834,907
2020-11-21,USA,,None,328239523,197527,989,11888057,252108
2020-11-21,Canada,,None,37589262,5705,72,326424,11406
2020-11-21,China,,None,1397715000,46,0,92590,4749
2020-11-22,USA,,None,328239523,137391,1370,12025448,253478
2020-11-22,Canada,,None,37589262,5418,49,331842,11455
2020-11-22,Taiwan,,None,23593794,1,0,618,7
2020-11-22,China,,None,1397715000,58,0,92648,4749
2020-11-22,Australia,,None,25364307,9,0,27843,907
2020-11-23,China,,None,1397715000,85,0,92733,4749
2020-11-23,Canada,,None,37589262,5713,66,337555,11521
2020-11-23,Taiwan,,None,23593794,6,0,617,7
2020-11-23,Australia,,None,25364307,10,0,27853,907
2020-11-23,USA,,None,328239523,178440,1379,12203888,254857
2020-11-24,Canada,,None,37589262,4889,97,342444,11618
2020-11-24,Taiwan,,None,23593794,1,0,618,7
2020-11-24,USA,,None,328239523,171335,1946,12375223,256803
2020-11-24,China,,None,1397715000,96,0,92829,4749
2020-11-24,Australia,,None,25364307,12,0,27865,907
2020-11-25,USA,,None,328239523,177744,2169,12552967,258972
2020-11-25,Canada,,None,37589262,5022,92,347466,11710
2020-11-25,Australia,,None,25364307,8,0,27873,907
2020-11-25,Taiwan,,None,23593794,2,0,625,7
2020-11-25,China,,None,1397715000,85,0,92914,4749
2020-11-26,Canada,,None,37589262,5631,89,353097,11799
2020-11-26,USA,,None,328239523,116578,1233,12669545,260205
2020-11-26,China,,None,1397715000,111,0,93025,4749
2020-11-26,Taiwan,,None,23593794,5,0,623,7
2020-11-26,Australia,,None,25364307,13,0,27886,907
2020-11-27,Australia,,None,25364307,6,0,27892,907
2020-11-27,Taiwan,,None,23593794,2,0,625,7
2020-11-27,China,,None,1397715000,88,0,93113,4749
2020-11-27,USA,,None,328239523,179952,1163,12849497,261368
2020-11-27,Canada,,None,37589262,5967,95,359064,11894
2020-11-28,Canada,,None,37589262,6496,97,365560,11991
2020-11-28,USA,,None,328239523,173121,1270,13022618,262638
2020-11-28,Taiwan,,None,23593794,14,0,639,7
2020-11-28,China,,None,1397715000,112,0,93225,4749
2020-11-28,Australia,,None,25364307,10,1,27902,908
2020-11-29,Canada,,None,37589262,6476,73,372036,12064
2020-11-29,USA,,None,328239523,116536,737,13139154,263375
2020-11-29,China,,None,1397715000,104,1,93329,4750
2020-11-29,Australia,,None,25364307,10,0,27912,908
2020-11-29,Taiwan,,None,23593794,9,0,648,7
2020-11-30,Taiwan,,None,23593794,3,0,651,7
2020-11-30,Canada,,None,37589262,6103,66,378139,12130
2020-11-30,China,,None,1397715000,136,0,93465,4750
2020-11-30,Australia,,None,25364307,11,0,27923,908
2020-11-30,USA,,None,328239523,155304,1421,13294458,264796
2020-12-01,Canada,,None,37589262,5329,81,383468,12211
2020-12-01,Taiwan,,None,23593794,24,0,675,7
2020-12-01,Australia,,None,25364307,16,0,27939,908
2020-12-01,China,,None,1397715000,112,0,93577,4750
2020-12-01,USA,,None,328239523,186348,2333,13480806,267129
2020-12-02,Canada,,None,37589262,6307,114,389775,12325
2020-12-02,Australia,,None,25364307,11,0,27923,908
2020-12-02,China,,None,1397715000,95,0,93672,4750
2020-12-02,Taiwan,,None,23593794,4,0,679,7
