"State","Day","Total Detected","Active","Active Hospitalized","Cumulative Hospitalized","Total Detected Deaths","Active Ventilated"
"California","2020-03-25",1991,1158,224,297,34,50
"California","2020-03-26",2195,1239,243,328,38,54
"California","2020-03-27",2400,1314,261,358,44,57
"California","2020-03-28",2607,1382,279,389,49,61
"California","2020-03-29",2811,1442,295,420,55,64
"California","2020-03-30",3014,1495,310,450,61,67
"California","2020-03-31",3213,1539,324,480,67,69
"California","2020-04-01",3408,1575,337,510,74,71
"California","2020-04-02",3597,1604,348,538,80,73
"California","2020-04-03",3781,1624,358,565,87,75
"California","2020-04-04",3958,1636,366,592,93,76
"California","2020-04-05",4128,1641,373,618,100,77
"California","2020-04-06",4292,1639,378,642,107,77
"California","2020-04-07",4447,1631,383,665,114,77
"California","2020-04-08",4595,1616,386,688,120,77
"California","2020-04-09",4736,1597,387,709,127,77
"California","2020-04-10",4869,1572,388,729,133,76
"California","2020-04-11",4995,1543,387,748,140,75
"California","2020-04-12",5113,1510,385,765,146,74
"California","2020-04-13",5224,1474,383,782,152,73
"California","2020-04-14",5329,1435,379,798,158,72
"California","2020-04-15",5426,1394,375,812,164,70
"California","2020-04-16",5518,1351,370,826,170,68
"California","2020-04-17",5603,1306,364,839,175,67
"California","2020-04-18",5682,1261,358,851,180,65
"California","2020-04-19",5755,1214,351,862,185,63
"California","2020-04-20",5824,1168,344,872,190,61
"California","2020-04-21",5887,1121,336,881,195,59
"California","2020-04-22",5945,1074,328,890,199,57
"California","2020-04-23",5999,1028,320,898,204,55
"California","2020-04-24",6049,982,312,906,208,53
"California","2020-04-25",6095,937,303,913,212,51
"California","2020-04-26",6137,893,294,919,216,49
"California","2020-04-27",6176,850,286,925,219,46
"California","2020-04-28",6212,809,277,930,223,44
"California","2020-04-29",6245,768,268,935,226,43
"California","2020-04-30",6275,729,259,940,229,41
"California","2020-05-01",6302,691,251,944,232,39
"California","2020-05-02",6328,655,242,947,234,37
"California","2020-05-03",6351,619,233,951,237,35
"California","2020-05-04",6372,586,225,954,240,33
"California","2020-05-05",6391,554,217,957,242,32
"California","2020-05-06",6408,523,209,960,244,30
"California","2020-05-07",6424,493,201,962,246,29
"California","2020-05-08",6439,465,193,964,248,27
"California","2020-05-09",6452,438,186,966,250,26
"California","2020-05-10",6464,413,178,968,252,24
"California","2020-05-11",6475,389,171,970,253,23
"California","2020-05-12",6484,366,164,971,255,22
"California","2020-05-13",6493,345,157,972,256,20
"California","2020-05-14",6501,324,151,974,258,19
"California","2020-05-15",6509,305,144,975,259,18
"California","2020-05-16",6515,287,138,976,260,17
"California","2020-05-17",6521,269,132,977,261,16
"California","2020-05-18",6527,253,127,977,262,15
"California","2020-05-19",6532,238,121,978,263,14
"California","2020-05-20",6536,223,116,979,264,13
"California","2020-05-21",6540,210,111,979,265,13
"California","2020-05-22",6544,197,106,980,266,12
"California","2020-05-23",6547,185,101,980,267,11
"California","2020-05-24",6550,174,97,981,268,10
"California","2020-05-25",6553,163,92,981,268,10
"California","2020-05-26",6555,153,88,982,269,9
"California","2020-05-27",6557,144,84,982,270,9
"California","2020-05-28",6559,135,80,982,270,8
"California","2020-05-29",6561,127,77,983,271,8
"California","2020-05-30",6563,119,73,983,271,7
"California","2020-05-31",6564,112,70,983,272,7
"California","2020-06-01",6565,105,66,983,272,6
"California","2020-06-02",6566,99,63,983,273,6
"California","2020-06-03",6568,93,60,983,273,5
"California","2020-06-04",6568,87,58,984,273,5
"California","2020-06-05",6569,82,55,984,274,5
"California","2020-06-06",6570,77,52,984,274,4
"California","2020-06-07",6571,72,50,984,274,4
"California","2020-06-08",6571,68,47,984,275,4
"California","2020-06-09",6572,64,45,984,275,4
"California","2020-06-10",6572,60,43,984,275,3
"California","2020-06-11",6573,56,41,984,275,3
"California","2020-06-12",6573,53,39,984,276,3
"California","2020-06-13",6573,50,37,984,276,3
"California","2020-06-14",6574,47,35,984,276,3
"California","2020-06-15",6574,44,34,984,276,2
"Colorado","2020-03-25",705,464,85,102,3,20
"Colorado","2020-03-26",839,546,101,123,4,23
"Colorado","2020-03-27",991,638,118,145,4,27
"Colorado","2020-03-28",1163,739,138,171,5,31
"Colorado","2020-03-29",1355,850,160,200,5,36
"Colorado","2020-03-30",1569,970,184,232,6,42
"Colorado","2020-03-31",1804,1100,210,267,7,47
"Colorado","2020-04-01",2062,1237,238,306,8,53
"Colorado","2020-04-02",2341,1383,268,348,8,60
"Colorado","2020-04-03",2643,1535,300,393,9,67
"Colorado","2020-04-04",2966,1694,334,442,11,74
"Colorado","2020-04-05",3310,1857,369,493,12,81
"Colorado","2020-04-06",3675,2024,405,548,13,89
"Colorado","2020-04-07",4059,2193,443,605,15,97
"Colorado","2020-04-08",4461,2364,482,666,16,105
"Colorado","2020-04-09",4880,2534,521,729,18,113
"Colorado","2020-04-10",5314,2703,561,794,20,121
"Colorado","2020-04-11",5763,2870,601,861,22,129
"Colorado","2020-04-12",6223,3032,641,930,24,137
"Colorado","2020-04-13",6695,3190,681,1001,26,145
"Colorado","2020-04-14",7176,3341,720,1073,29,153
"Colorado","2020-04-15",7664,3486,758,1146,31,160
"Colorado","2020-04-16",8158,3622,796,1220,33,167
"Colorado","2020-04-17",8655,3750,832,1295,36,174
"Colorado","2020-04-18",9155,3868,868,1370,39,180
"Colorado","2020-04-19",9656,3976,901,1445,42,186
"Colorado","2020-04-20",10156,4074,933,1520,44,192
"Colorado","2020-04-21",10654,4161,963,1595,47,197
"Colorado","2020-04-22",11148,4237,992,1669,50,201
"Colorado","2020-04-23",11637,4302,1018,1742,53,205
"Colorado","2020-04-24",12121,4356,1042,1815,56,209
"Colorado","2020-04-25",12596,4398,1064,1886,59,212
"Colorado","2020-04-26",13064,4429,1084,1956,63,215
"Colorado","2020-04-27",13523,4450,1101,2025,66,217
"Colorado","2020-04-28",13971,4460,1116,2092,69,218
"Colorado","2020-04-29",14409,4459,1129,2158,72,219
"Colorado","2020-04-30",14835,4449,1140,2222,75,220
"Colorado","2020-05-01",15250,4429,1149,2284,78,220
"Colorado","2020-05-02",15652,4400,1155,2345,81,220
"Colorado","2020-05-03",16042,4363,1159,2403,85,219
"Colorado","2020-05-04",16419,4318,1161,2460,88,218
"Colorado","2020-05-05",16783,4266,1161,2514,91,216
"Colorado","2020-05-06",17133,4206,1159,2567,94,214
"Colorado","2020-05-07",17470,4141,1156,2617,97,212
"Colorado","2020-05-08",17794,4069,1150,2666,100,210
"Colorado","2020-05-09",18105,3993,1143,2712,102,207
"Colorado","2020-05-10",18402,3912,1134,2757,105,203
"Colorado","2020-05-11",18687,3827,1124,2800,108,200
"Colorado","2020-05-12",18958,3738,1112,2840,111,196
"Colorado","2020-05-13",19217,3647,1099,2879,113,192
"Colorado","2020-05-14",19464,3552,1085,2916,116,188
"Colorado","2020-05-15",19699,3456,1070,2952,118,184
"Colorado","2020-05-16",19922,3359,1053,2985,121,180
"Colorado","2020-05-17",20134,3260,1036,3017,123,175
"Colorado","2020-05-18",20335,3160,1018,3047,125,171
"Colorado","2020-05-19",20525,3060,999,3075,127,166
"Colorado","2020-05-20",20704,2960,980,3102,130,161
"Colorado","2020-05-21",20874,2860,960,3128,132,156
"Colorado","2020-05-22",21035,2761,939,3152,134,152
"Colorado","2020-05-23",21186,2663,918,3175,136,147
"Colorado","2020-05-24",21328,2565,897,3196,137,142
"Colorado","2020-05-25",21462,2469,876,3216,139,137
"Colorado","2020-05-26",21588,2375,854,3235,141,133
"Colorado","2020-05-27",21707,2282,832,3253,143,128
"Colorado","2020-05-28",21818,2191,810,3269,144,123
"Colorado","2020-05-29",21922,2102,788,3285,146,119
"Colorado","2020-05-30",22019,2015,766,3300,147,114
"Colorado","2020-05-31",22111,1931,745,3313,148,110
"Colorado","2020-06-01",22196,1848,723,3326,150,106
"Colorado","2020-06-02",22276,1768,702,3338,151,101
"Colorado","2020-06-03",22351,1690,680,3349,152,97
"Colorado","2020-06-04",22420,1615,659,3360,153,93
"Colorado","2020-06-05",22485,1542,639,3369,155,89
"Colorado","2020-06-06",22546,1472,618,3379,156,85
"Colorado","2020-06-07",22602,1404,598,3387,157,82
"Colorado","2020-06-08",22654,1338,578,3395,158,78
"Colorado","2020-06-09",22703,1275,559,3402,159,74
"Colorado","2020-06-10",22748,1214,540,3409,159,71
"Colorado","2020-06-11",22790,1156,522,3415,160,68
"Colorado","2020-06-12",22829,1100,503,3421,161,65
"Colorado","2020-06-13",22866,1046,486,3427,162,62
"Colorado","2020-06-14",22899,994,468,3432,163,59
"Colorado","2020-06-15",22930,945,451,3436,163,56
"Florida","2020-03-25",950,659,116,138,13,27
"Florida","2020-03-26",1170,803,143,171,16,33
"Florida","2020-03-27",1431,972,174,210,19,40
"Florida","2020-03-28",1736,1166,210,255,24,48
"Florida","2020-03-29",2089,1387,251,308,29,58
"Florida","2020-03-30",2493,1635,298,369,35,68
"Florida","2020-03-31",2952,1910,351,438,42,80
"Florida","2020-04-01",3467,2212,409,515,50,93
"Florida","2020-04-02",4041,2541,473,601,60,107
"Florida","2020-04-03",4673,2893,542,696,71,123
"Florida","2020-04-04",5365,3267,617,800,83,139
"Florida","2020-04-05",6115,3660,697,912,97,156
"Florida","2020-04-06",6923,4070,781,1034,113,174
"Florida","2020-04-07",7786,4492,869,1163,130,193
"Florida","2020-04-08",8702,4924,960,1300,149,213
"Florida","2020-04-09",9668,5362,1055,1445,169,233
"Florida","2020-04-10",10680,5801,1151,1597,192,253
"Florida","2020-04-11",11735,6239,1249,1755,216,273
"Florida","2020-04-12",12828,6671,1348,1919,242,293
"Florida","2020-04-13",13956,7094,1447,2088,270,313
"Florida","2020-04-14",15112,7505,1545,2262,299,333
"Florida","2020-04-15",16293,7900,1642,2439,330,352
"Florida","2020-04-16",17494,8277,1737,2619,363,371
"Florida","2020-04-17",18711,8633,1830,2802,397,388
"Florida","2020-04-18",19938,8966,1920,2986,432,405
"Florida","2020-04-19",21171,9273,2006,3171,469,421
"Florida","2020-04-20",22406,9554,2089,3356,506,436
"Florida","2020-04-21",23638,9807,2167,3541,545,450
"Florida","2020-04-22",24865,10031,2240,3725,585,462
"Florida","2020-04-23",26081,10225,2308,3907,626,474
"Florida","2020-04-24",27284,10390,2371,4088,667,484
"Florida","2020-04-25",28470,10524,2428,4266,710,492
"Florida","2020-04-26",29637,10629,2480,4441,752,500
"Florida","2020-04-27",30781,10705,2526,4612,795,506
"Florida","2020-04-28",31901,10751,2566,4780,838,510
"Florida","2020-04-29",32995,10770,2600,4944,881,514
"Florida","2020-04-30",34060,10762,2629,5104,925,516
"Florida","2020-05-01",35096,10729,2652,5259,968,517
"Florida","2020-05-02",36100,10670,2669,5410,1011,517
"Florida","2020-05-03",37072,10589,2680,5556,1054,515
"Florida","2020-05-04",38012,10486,2686,5697,1096,513
"Florida","2020-05-05",38918,10363,2687,5833,1138,509
"Florida","2020-05-06",39790,10222,2683,5964,1179,505
"Florida","2020-05-07",40629,10063,2674,6089,1220,500
"Florida","2020-05-08",41433,9889,2661,6210,1260,493
"Florida","2020-05-09",42203,9701,2643,6326,1300,486
"Florida","2020-05-10",42940,9500,2621,6436,1338,478
"Florida","2020-05-11",43644,9289,2596,6542,1376,470
"Florida","2020-05-12",44315,9068,2567,6642,1413,461
"Florida","2020-05-13",44954,8839,2535,6738,1449,452
"Florida","2020-05-14",45561,8604,2499,6829,1484,442
"Florida","2020-05-15",46138,8362,2461,6916,1518,431
"Florida","2020-05-16",46685,8117,2421,6998,1551,421
"Florida","2020-05-17",47204,7869,2378,7076,1583,410
"Florida","2020-05-18",47694,7619,2333,7149,1614,398
"Florida","2020-05-19",48158,7367,2287,7219,1645,387
"Florida","2020-05-20",48596,7116,2239,7284,1674,375
"Florida","2020-05-21",49008,6866,2189,7346,1702,364
"Florida","2020-05-22",49397,6617,2139,7405,1729,352
"Florida","2020-05-23",49762,6370,2088,7459,1755,340
"Florida","2020-05-24",50106,6127,2036,7511,1780,329
"Florida","2020-05-25",50429,5887,1983,7559,1804,317
"Florida","2020-05-26",50732,5651,1930,7605,1827,306
"Florida","2020-05-27",51016,5420,1877,7647,1850,294
"Florida","2020-05-28",51281,5194,1824,7687,1871,283
"Florida","2020-05-29",51530,4972,1771,7725,1892,272
"Florida","2020-05-30",51763,4757,1718,7759,1911,261
"Florida","2020-05-31",51980,4547,1666,7792,1930,251
"Florida","2020-06-01",52182,4343,1614,7822,1948,240
"Florida","2020-06-02",52371,4146,1563,7851,1965,230
"Florida","2020-06-03",52547,3954,1512,7877,1981,220
"Florida","2020-06-04",52711,3769,1462,7902,1997,211
"Florida","2020-06-05",52863,3590,1412,7925,2011,201
"Florida","2020-06-06",53005,3418,1364,7946,2025,192
"Florida","2020-06-07",53137,3252,1316,7966,2039,183
"Florida","2020-06-08",53259,3092,1270,7984,2052,175
"Florida","2020-06-09",53372,2938,1224,8001,2064,166
"Florida","2020-06-10",53477,2791,1179,8017,2075,158
"Florida","2020-06-11",53575,2650,1136,8031,2086,151
"Florida","2020-06-12",53665,2515,1093,8045,2096,143
"Florida","2020-06-13",53748,2385,1052,8057,2106,136
"Florida","2020-06-14",53825,2261,1012,8069,2116,129
"Florida","2020-06-15",53897,2143,973,8080,2125,123
"Georgia","2020-03-25",810,558,99,120,17,23
"Georgia","2020-03-26",952,638,115,141,21,26
"Georgia","2020-03-27",1102,717,131,164,26,30
"Georgia","2020-03-28",1257,795,147,187,31,33
"Georgia","2020-03-29",1418,869,163,211,37,37
"Georgia","2020-03-30",1582,938,178,236,43,40
"Georgia","2020-03-31",1747,1003,193,260,50,43
"Georgia","2020-04-01",1912,1061,207,285,57,46
"Georgia","2020-04-02",2076,1113,220,310,65,48
"Georgia","2020-04-03",2238,1158,233,334,73,51
"Georgia","2020-04-04",2397,1196,244,358,81,53
"Georgia","2020-04-05",2552,1226,254,381,90,54
"Georgia","2020-04-06",2702,1249,262,404,98,56
"Georgia","2020-04-07",2846,1265,270,425,107,57
"Georgia","2020-04-08",2985,1274,276,446,116,58
"Georgia","2020-04-09",3118,1277,281,466,125,58
"Georgia","2020-04-10",3245,1274,285,485,134,59
"Georgia","2020-04-11",3365,1266,288,503,143,59
"Georgia","2020-04-12",3479,1252,290,520,152,58
"Georgia","2020-04-13",3587,1234,291,536,160,58
"Georgia","2020-04-14",3688,1212,290,552,169,57
"Georgia","2020-04-15",3783,1187,289,566,177,57
"Georgia","2020-04-16",3872,1158,287,579,185,56
"Georgia","2020-04-17",3956,1127,284,592,193,55
"Georgia","2020-04-18",4033,1094,281,603,201,53
"Georgia","2020-04-19",4105,1059,277,614,209,52
"Georgia","2020-04-20",4172,1023,272,624,216,51
"Georgia","2020-04-21",4235,986,267,634,223,49
"Georgia","2020-04-22",4292,948,262,642,230,48
"Georgia","2020-04-23",4345,910,256,650,236,46
"Georgia","2020-04-24",4394,872,250,657,243,44
"Georgia","2020-04-25",4439,834,244,664,249,43
"Georgia","2020-04-26",4481,797,237,670,254,41
"Georgia","2020-04-27",4519,759,230,676,260,40
"Georgia","2020-04-28",4554,723,224,681,265,38
"Georgia","2020-04-29",4586,687,217,686,270,36
"Georgia","2020-04-30",4616,653,210,691,274,35
"Georgia","2020-05-01",4643,619,203,695,279,33
"Georgia","2020-05-02",4667,586,196,698,283,32
"Georgia","2020-05-03",4689,555,189,702,287,30
"Georgia","2020-05-04",4710,524,182,705,291,29
"Georgia","2020-05-05",4729,495,175,708,294,27
"Georgia","2020-05-06",4745,467,169,710,298,26
"Georgia","2020-05-07",4761,441,162,712,301,24
"Georgia","2020-05-08",4775,415,156,715,304,23
"Georgia","2020-05-09",4787,391,150,716,307,22
"Georgia","2020-05-10",4799,368,144,718,309,21
"Georgia","2020-05-11",4809,346,138,720,312,20
"Georgia","2020-05-12",4819,325,132,721,314,18
"Georgia","2020-05-13",4827,305,126,722,317,17
"Georgia","2020-05-14",4835,286,121,724,319,16
"Georgia","2020-05-15",4842,269,116,725,321,15
"Georgia","2020-05-16",4849,252,111,726,322,15
"Georgia","2020-05-17",4854,236,106,726,324,14
"Georgia","2020-05-18",4859,221,101,727,326,13
"Georgia","2020-05-19",4864,207,96,728,327,12
"Georgia","2020-05-20",4868,194,92,729,329,11
"Georgia","2020-05-21",4872,182,88,729,330,11
"Georgia","2020-05-22",4875,170,84,730,331,10
"Georgia","2020-05-23",4878,159,80,730,332,9
"Georgia","2020-05-24",4881,149,76,731,333,9
"Georgia","2020-05-25",4884,140,73,731,334,8
"Georgia","2020-05-26",4886,131,69,731,335,8
"Georgia","2020-05-27",4888,122,66,732,336,7
"Georgia","2020-05-28",4890,114,63,732,337,7
"Georgia","2020-05-29",4891,107,60,732,338,6
"Georgia","2020-05-30",4893,100,57,732,338,6
"Georgia","2020-05-31",4894,94,54,732,339,6
"Georgia","2020-06-01",4895,88,51,733,340,5
"Georgia","2020-06-02",4896,82,49,733,340,5
"Georgia","2020-06-03",4897,77,47,733,341,4
"Georgia","2020-06-04",4898,72,44,733,341,4
"Georgia","2020-06-05",4899,67,42,733,342,4
"Georgia","2020-06-06",4899,63,40,733,342,4
"Georgia","2020-06-07",4900,59,38,733,343,3
"Georgia","2020-06-08",4900,55,36,733,343,3
"Georgia","2020-06-09",4901,52,34,733,344,3
"Georgia","2020-06-10",4901,48,33,734,344,3
"Georgia","2020-06-11",4902,45,31,734,344,3
"Georgia","2020-06-12",4902,43,29,734,345,2
"Georgia","2020-06-13",4902,40,28,734,345,2
"Georgia","2020-06-14",4903,37,27,734,345,2
"Georgia","2020-06-15",4903,35,25,734,345,2
"Illinois","2020-03-25",1294,921,164,193,11,38
"Illinois","2020-03-26",1555,1078,194,232,14,45
"Illinois","2020-03-27",1846,1248,227,275,17,52
"Illinois","2020-03-28",2166,1430,263,323,21,60
"Illinois","2020-03-29",2516,1622,302,376,26,69
"Illinois","2020-03-30",2894,1823,343,432,31,78
"Illinois","2020-03-31",3298,2029,385,493,36,87
"Illinois","2020-04-01",3728,2240,430,558,43,96
"Illinois","2020-04-02",4181,2451,475,625,49,106
"Illinois","2020-04-03",4653,2661,522,696,57,116
"Illinois","2020-04-04",5143,2868,569,770,65,125
"Illinois","2020-04-05",5648,3069,615,846,74,135
"Illinois","2020-04-06",6164,3262,661,923,83,144
"Illinois","2020-04-07",6690,3445,707,1002,93,153
"Illinois","2020-04-08",7221,3617,750,1082,103,162
"Illinois","2020-04-09",7756,3776,793,1162,114,170
"Illinois","2020-04-10",8291,3920,833,1242,125,177
"Illinois","2020-04-11",8824,4050,871,1322,137,184
"Illinois","2020-04-12",9354,4164,907,1401,148,191
"Illinois","2020-04-13",9877,4261,940,1480,161,196
"Illinois","2020-04-14",10391,4342,970,1557,173,201
"Illinois","2020-04-15",10896,4407,998,1633,186,205
"Illinois","2020-04-16",11390,4456,1022,1707,199,209
"Illinois","2020-04-17",11871,4488,1043,1779,212,212
"Illinois","2020-04-18",12338,4506,1062,1849,225,214
"Illinois","2020-04-19",12790,4508,1077,1917,238,215
"Illinois","2020-04-20",13227,4497,1089,1982,251,216
"Illinois","2020-04-21",13648,4472,1099,2046,264,216
"Illinois","2020-04-22",14053,4435,1105,2106,277,216
"Illinois","2020-04-23",14440,4387,1109,2164,290,215
"Illinois","2020-04-24",14811,4328,1110,2220,303,213
"Illinois","2020-04-25",15165,4259,1109,2273,315,211
"Illinois","2020-04-26",15502,4182,1105,2324,328,209
"Illinois","2020-04-27",15823,4098,1099,2372,340,206
"Illinois","2020-04-28",16127,4006,1091,2417,352,202
"Illinois","2020-04-29",16415,3909,1081,2461,363,199
"Illinois","2020-04-30",16687,3807,1069,2501,374,195
"Illinois","2020-05-01",16944,3701,1055,2540,385,190
"Illinois","2020-05-02",17186,3591,1040,2576,396,186
"Illinois","2020-05-03",17414,3479,1023,2611,406,181
"Illinois","2020-05-04",17629,3366,1006,2643,416,176
"Illinois","2020-05-05",17830,3251,987,2673,426,171
"Illinois","2020-05-06",18018,3135,967,2701,435,166
"Illinois","2020-05-07",18194,3019,947,2727,444,161
"Illinois","2020-05-08",18359,2904,925,2752,453,156
"Illinois","2020-05-09",18512,2790,903,2775,461,150
"Illinois","2020-05-10",18656,2676,881,2797,469,145
"Illinois","2020-05-11",18789,2565,858,2817,477,140
"Illinois","2020-05-12",18913,2455,835,2835,484,135
"Illinois","2020-05-13",19029,2348,812,2853,491,129
"Illinois","2020-05-14",19136,2243,789,2869,498,124
"Illinois","2020-05-15",19235,2141,766,2884,504,119
"Illinois","2020-05-16",19327,2041,742,2897,510,114
"Illinois","2020-05-17",19413,1945,719,2910,516,109
"Illinois","2020-05-18",19491,1851,696,2922,521,105
"Illinois","2020-05-19",19564,1761,674,2933,527,100
"Illinois","2020-05-20",19631,1674,651,2943,532,95
"Illinois","2020-05-21",19693,1590,629,2952,536,91
"Illinois","2020-05-22",19751,1509,607,2961,541,87
"Illinois","2020-05-23",19803,1432,586,2969,545,83
"Illinois","2020-05-24",19852,1357,565,2976,549,79
"Illinois","2020-05-25",19896,1286,544,2983,553,75
"Illinois","2020-05-26",19937,1218,524,2989,557,71
"Illinois","2020-05-27",19975,1153,505,2995,560,67
"Illinois","2020-05-28",20009,1090,485,3000,564,64
"Illinois","2020-05-29",20041,1031,467,3004,567,61
"Illinois","2020-05-30",20070,975,449,3009,570,57
"Illinois","2020-05-31",20096,921,431,3013,572,54
"Illinois","2020-06-01",20121,870,414,3016,575,51
"Illinois","2020-06-02",20143,821,397,3020,577,49
"Illinois","2020-06-03",20163,775,381,3023,580,46
"Illinois","2020-06-04",20182,732,366,3026,582,44
"Illinois","2020-06-05",20199,690,351,3028,584,41
"Illinois","2020-06-06",20214,651,336,3030,586,39
"Illinois","2020-06-07",20228,614,322,3033,588,37
"Illinois","2020-06-08",20241,579,308,3034,590,35
"Illinois","2020-06-09",20253,546,295,3036,591,33
"Illinois","2020-06-10",20263,514,283,3038,593,31
"Illinois","2020-06-11",20273,485,271,3039,594,29
"Illinois","2020-06-12",20282,457,259,3041,596,27
"Illinois","2020-06-13",20290,430,248,3042,597,26
"Illinois","2020-06-14",20297,406,237,3043,598,24
"Illinois","2020-06-15",20304,382,227,3044,599,23
"Louisiana","2020-03-25",1120,785,137,163,23,32
"Louisiana","2020-03-26",1368,943,166,200,29,39
"Louisiana","2020-03-27",1653,1121,200,243,36,46
"Louisiana","2020-03-28",1977,1318,237,292,44,54
"Louisiana","2020-03-29",2340,1533,277,346,54,64
"Louisiana","2020-03-30",2744,1765,322,407,65,73
"Louisiana","2020-03-31",3188,2012,370,473,78,84
"Louisiana","2020-04-01",3670,2271,422,546,93,95
"Louisiana","2020-04-02",4188,2540,475,623,110,107
"Louisiana","2020-04-03",4740,2813,531,706,128,119
"Louisiana","2020-04-04",5321,3088,589,793,149,131
"Louisiana","2020-04-05",5927,3361,647,884,171,144
"Louisiana","2020-04-06",6554,3627,705,978,195,156
"Louisiana","2020-04-07",7198,3883,763,1075,221,168
"Louisiana","2020-04-08",7854,4125,819,1173,248,179
"Louisiana","2020-04-09",8517,4351,874,1273,278,190
"Louisiana","2020-04-10",9184,4559,926,1373,308,200
"Louisiana","2020-04-11",9850,4747,975,1472,340,209
"Louisiana","2020-04-12",10511,4912,1021,1572,374,218
"Louisiana","2020-04-13",11164,5054,1064,1670,408,225
"Louisiana","2020-04-14",11806,5173,1103,1766,443,232
"Louisiana","2020-04-15",12435,5268,1138,1860,479,238
"Louisiana","2020-04-16",13047,5340,1168,1952,516,242
"Louisiana","2020-04-17",13641,5388,1195,2041,553,246
"Louisiana","2020-04-18",14216,5414,1217,2128,590,249
"Louisiana","2020-04-19",14771,5419,1235,2211,627,251
"Louisiana","2020-04-20",15303,5404,1249,2291,665,251
"Louisiana","2020-04-21",15813,5369,1259,2367,702,251
"Louisiana","2020-04-22",16300,5317,1265,2440,739,250
"Louisiana","2020-04-23",16764,5250,1267,2510,775,249
"Louisiana","2020-04-24",17204,5167,1266,2576,811,246
"Louisiana","2020-04-25",17622,5072,1261,2638,846,243
"Louisiana","2020-04-26",18016,4966,1254,2698,881,240
"Louisiana","2020-04-27",18389,4849,1243,2753,915,236
"Louisiana","2020-04-28",18740,4724,1230,2806,948,231
"Louisiana","2020-04-29",19069,4592,1215,2855,980,226
"Louisiana","2020-04-30",19378,4454,1197,2902,1011,221
"Louisiana","2020-05-01",19668,4311,1177,2945,1041,215
"Louisiana","2020-05-02",19938,4165,1156,2986,1070,209
"Louisiana","2020-05-03",20191,4016,1133,3024,1099,203
"Louisiana","2020-05-04",20426,3866,1109,3059,1126,196
"Louisiana","2020-05-05",20645,3715,1083,3092,1152,190
"Louisiana","2020-05-06",20848,3565,1057,3122,1177,183
"Louisiana","2020-05-07",21037,3416,1030,3151,1201,177
"Louisiana","2020-05-08",21212,3268,1002,3177,1224,170
"Louisiana","2020-05-09",21373,3122,974,3201,1246,163
"Louisiana","2020-05-10",21523,2979,946,3224,1267,157
"Louisiana","2020-05-11",21661,2840,917,3244,1287,150
"Louisiana","2020-05-12",21789,2703,888,3263,1306,144
"Louisiana","2020-05-13",21906,2570,859,3281,1324,137
"Louisiana","2020-05-14",22014,2442,831,3297,1342,131
"Louisiana","2020-05-15",22113,2317,802,3312,1358,125
"Louisiana","2020-05-16",22204,2197,774,3326,1374,119
"Louisiana","2020-05-17",22288,2081,746,3338,1388,114
"Louisiana","2020-05-18",22365,1970,719,3350,1402,108
"Louisiana","2020-05-19",22435,1863,692,3360,1415,103
"Louisiana","2020-05-20",22500,1760,666,3370,1428,97
"Louisiana","2020-05-21",22559,1662,640,3379,1440,92
"Louisiana","2020-05-22",22612,1569,614,3387,1451,88
"Louisiana","2020-05-23",22662,1479,590,3394,1461,83
"Louisiana","2020-05-24",22707,1394,566,3401,1471,78
"Louisiana","2020-05-25",22747,1313,543,3407,1481,74
"Louisiana","2020-05-26",22785,1237,520,3413,1489,70
"Louisiana","2020-05-27",22819,1164,498,3418,1498,66
"Louisiana","2020-05-28",22850,1095,477,3422,1505,62
"Louisiana","2020-05-29",22878,1029,456,3427,1513,59
"Louisiana","2020-05-30",22903,967,436,3431,1520,55
"Louisiana","2020-05-31",22926,909,417,3434,1526,52
"Louisiana","2020-06-01",22948,854,399,3437,1532,49
"Louisiana","2020-06-02",22967,802,381,3440,1538,46
"Louisiana","2020-06-03",22984,752,364,3443,1543,43
"Louisiana","2020-06-04",23000,706,347,3445,1548,41
"Louisiana","2020-06-05",23014,662,331,3447,1553,38
"Louisiana","2020-06-06",23027,621,316,3449,1557,36
"Louisiana","2020-06-07",23039,583,301,3451,1562,34
"Louisiana","2020-06-08",23049,547,287,3452,1565,32
"Louisiana","2020-06-09",23059,512,274,3454,1569,30
"Louisiana","2020-06-10",23067,480,261,3455,1573,28
"Louisiana","2020-06-11",23075,450,249,3456,1576,26
"Louisiana","2020-06-12",23082,422,237,3457,1579,24
"Louisiana","2020-06-13",23088,396,226,3458,1582,23
"Louisiana","2020-06-14",23094,371,215,3459,1584,21
"Louisiana","2020-06-15",23099,348,204,3460,1587,20
"Massachusetts","2020-03-25",814,525,98,122,7,22
"Massachusetts","2020-03-26",968,620,115,145,8,26
"Massachusetts","2020-03-27",1146,729,136,172,10,31
"Massachusetts","2020-03-28",1353,854,160,203,12,36
"Massachusetts","2020-03-29",1590,996,187,238,14,42
"Massachusetts","2020-03-30",1860,1156,218,279,16,49
"Massachusetts","2020-03-31",2166,1334,252,325,19,57
"Massachusetts","2020-04-01",2512,1532,291,377,23,65
"Massachusetts","2020-04-02",2898,1750,334,435,27,75
"Massachusetts","2020-04-03",3329,1989,381,499,31,85
"Massachusetts","2020-04-04",3806,2249,433,571,36,97
"Massachusetts","2020-04-05",4332,2530,489,650,42,109
"Massachusetts","2020-04-06",4908,2831,550,736,49,122
"Massachusetts","2020-04-07",5536,3153,616,830,56,137
"Massachusetts","2020-04-08",6218,3494,687,933,64,152
"Massachusetts","2020-04-09",6954,3855,762,1043,73,168
"Massachusetts","2020-04-10",7746,4233,842,1162,83,185
"Massachusetts","2020-04-11",8592,4627,926,1289,93,203
"Massachusetts","2020-04-12",9495,5036,1014,1424,105,221
"Massachusetts","2020-04-13",10452,5458,1106,1568,118,241
"Massachusetts","2020-04-14",11463,5891,1202,1719,131,261
"Massachusetts","2020-04-15",12528,6334,1301,1879,146,281
"Massachusetts","2020-04-16",13645,6783,1402,2047,162,302
"Massachusetts","2020-04-17",14811,7237,1507,2222,179,323
"Massachusetts","2020-04-18",16026,7694,1613,2404,197,345
"Massachusetts","2020-04-19",17286,8150,1721,2593,216,367
"Massachusetts","2020-04-20",18589,8605,1830,2788,236,389
"Massachusetts","2020-04-21",19933,9054,1940,2990,257,410
"Massachusetts","2020-04-22",21314,9497,2050,3197,280,432
"Massachusetts","2020-04-23",22729,9930,2160,3409,303,453
"Massachusetts","2020-04-24",24174,10352,2269,3626,328,474
"Massachusetts","2020-04-25",25647,10761,2377,3847,353,495
"Massachusetts","2020-04-26",27144,11154,2484,4072,380,515
"Massachusetts","2020-04-27",28660,11530,2588,4299,407,534
"Massachusetts","2020-04-28",30193,11887,2689,4529,435,552
"Massachusetts","2020-04-29",31739,12223,2788,4761,464,570
"Massachusetts","2020-04-30",33295,12538,2883,4994,494,587
"Massachusetts","2020-05-01",34855,12829,2975,5228,525,603
"Massachusetts","2020-05-02",36419,13096,3063,5463,556,618
"Massachusetts","2020-05-03",37981,13339,3146,5697,588,631
"Massachusetts","2020-05-04",39538,13556,3225,5931,620,644
"Massachusetts","2020-05-05",41088,13747,3299,6163,653,656
"Massachusetts","2020-05-06",42627,13911,3368,6394,687,666
"Massachusetts","2020-05-07",44153,14049,3431,6623,720,675
"Massachusetts","2020-05-08",45662,14160,3489,6849,754,683
"Massachusetts","2020-05-09",47153,14245,3542,7073,789,690
"Massachusetts","2020-05-10",48623,14304,3589,7293,823,695
"Massachusetts","2020-05-11",50069,14337,3630,7510,858,699
"Massachusetts","2020-05-12",51490,14345,3666,7723,892,702
"Massachusetts","2020-05-13",52884,14329,3696,7933,927,704
"Massachusetts","2020-05-14",54249,14289,3721,8137,961,705
"Massachusetts","2020-05-15",55583,14226,3739,8338,996,704
"Massachusetts","2020-05-16",56887,14141,3753,8533,1030,703
"Massachusetts","2020-05-17",58157,14035,3761,8724,1064,700
"Massachusetts","2020-05-18",59394,13910,3763,8909,1098,696
"Massachusetts","2020-05-19",60597,13765,3761,9090,1131,692
"Massachusetts","2020-05-20",61765,13603,3753,9265,1164,686
"Massachusetts","2020-05-21",62897,13425,3741,9435,1197,679
"Massachusetts","2020-05-22",63994,13231,3724,9599,1229,672
"Massachusetts","2020-05-23",65054,13024,3702,9758,1261,664
"Massachusetts","2020-05-24",66079,12803,3677,9912,1292,655
"Massachusetts","2020-05-25",67067,12571,3647,10060,1322,646
"Massachusetts","2020-05-26",68020,12328,3613,10203,1352,635
"Massachusetts","2020-05-27",68937,12076,3576,10341,1382,625
"Massachusetts","2020-05-28",69819,11816,3535,10473,1411,613
"Massachusetts","2020-05-29",70666,11549,3492,10600,1439,601
"Massachusetts","2020-05-30",71479,11275,3445,10722,1466,589
"Massachusetts","2020-05-31",72259,10997,3396,10839,1493,577
"Massachusetts","2020-06-01",73005,10714,3344,10951,1520,564
"Massachusetts","2020-06-02",73719,10429,3289,11058,1545,550
"Massachusetts","2020-06-03",74401,10141,3233,11160,1570,537
"Massachusetts","2020-06-04",75052,9852,3175,11258,1594,523
"Massachusetts","2020-06-05",75674,9562,3115,11351,1617,510
"Massachusetts","2020-06-06",76266,9273,3054,11440,1640,496
"Massachusetts","2020-06-07",76830,8985,2992,11524,1662,482
"Massachusetts","2020-06-08",77366,8698,2928,11605,1683,468
"Massachusetts","2020-06-09",77876,8413,2864,11681,1704,454
"Massachusetts","2020-06-10",78361,8132,2799,11754,1724,440
"Massachusetts","2020-06-11",78821,7853,2733,11823,1743,426
"Massachusetts","2020-06-12",79257,7579,2668,11888,1762,413
"Massachusetts","2020-06-13",79670,7308,2601,11950,1780,399
"Massachusetts","2020-06-14",80061,7042,2535,12009,1797,386
"Massachusetts","2020-06-15",80431,6781,2469,12065,1814,372
"New Jersey","2020-03-25",2677,1943,338,398,43,79
"New Jersey","2020-03-26",3371,2411,423,502,55,98
"New Jersey","2020-03-27",4206,2965,523,628,71,121
"New Jersey","2020-03-28",5199,3616,642,777,91,149
"New Jersey","2020-03-29",6370,4372,781,952,115,180
"New Jersey","2020-03-30",7736,5239,941,1157,143,217
"New Jersey","2020-03-31",9316,6223,1124,1394,178,258
"New Jersey","2020-04-01",11125,7328,1331,1665,218,305
"New Jersey","2020-04-02",13176,8554,1564,1973,265,357
"New Jersey","2020-04-03",15480,9901,1821,2319,320,414
"New Jersey","2020-04-04",18046,11363,2104,2704,384,477
"New Jersey","2020-04-05",20877,12935,2411,3128,456,545
"New Jersey","2020-04-06",23976,14607,2741,3593,538,617
"New Jersey","2020-04-07",27340,16368,3094,4098,630,694
"New Jersey","2020-04-08",30965,18204,3466,4641,733,775
"New Jersey","2020-04-09",34842,20100,3857,5223,848,859
"New Jersey","2020-04-10",38959,22041,4263,5841,973,945
"New Jersey","2020-04-11",43303,24008,4681,6492,1111,1033
"New Jersey","2020-04-12",47858,25985,5109,7175,1260,1123
"New Jersey","2020-04-13",52605,27954,5543,7887,1421,1213
"New Jersey","2020-04-14",57525,29897,5980,8625,1593,1303
"New Jersey","2020-04-15",62597,31797,6418,9386,1777,1392
"New Jersey","2020-04-16",67798,33639,6852,10166,1972,1479
"New Jersey","2020-04-17",73107,35406,7279,10963,2178,1563
"New Jersey","2020-04-18",78501,37086,7698,11772,2395,1645
"New Jersey","2020-04-19",83957,38666,8104,12590,2621,1723
"New Jersey","2020-04-20",89453,40136,8495,13415,2856,1796
"New Jersey","2020-04-21",94968,41485,8869,14242,3099,1865
"New Jersey","2020-04-22",100481,42707,9224,15069,3350,1929
"New Jersey","2020-04-23",105973,43796,9558,15893,3609,1988
"New Jersey","2020-04-24",111425,44747,9869,16710,3873,2040
"New Jersey","2020-04-25",116819,45558,10155,17520,4142,2087
"New Jersey","2020-04-26",122140,46228,10417,18318,4416,2128
"New Jersey","2020-04-27",127374,46757,10652,19103,4693,2163
"New Jersey","2020-04-28",132507,47146,10861,19873,4974,2191
"New Jersey","2020-04-29",137528,47399,11042,20626,5256,2214
"New Jersey","2020-04-30",142427,47518,11197,21361,5539,2230
"New Jersey","2020-05-01",147194,47509,11324,22076,5822,2241
"New Jersey","2020-05-02",151823,47377,11425,22770,6105,2245
"New Jersey","2020-05-03",156307,47127,11500,23443,6387,2244
"New Jersey","2020-05-04",160642,46767,11548,24093,6667,2238
"New Jersey","2020-05-05",164823,46304,11572,24720,6945,2227
"New Jersey","2020-05-06",168849,45745,11572,25324,7220,2211
"New Jersey","2020-05-07",172717,45097,11549,25904,7491,2190
"New Jersey","2020-05-08",176427,44369,11504,26461,7757,2165
"New Jersey","2020-05-09",179978,43567,11438,26993,8020,2137
"New Jersey","2020-05-10",183373,42701,11353,27503,8277,2104
"New Jersey","2020-05-11",186612,41776,11249,27989,8529,2069
"New Jersey","2020-05-12",189698,40800,11128,28451,8775,2030
"New Jersey","2020-05-13",192634,39782,10991,28892,9016,1989
"New Jersey","2020-05-14",195422,38726,10840,29310,9250,1945
"New Jersey","2020-05-15",198067,37641,10675,29707,9478,1900
"New Jersey","2020-05-16",200572,36532,10499,30082,9699,1852
"New Jersey","2020-05-17",202941,35406,10311,30438,9913,1804
"New Jersey","2020-05-18",205180,34267,10114,30774,10121,1754
"New Jersey","2020-05-19",207292,33121,9909,31091,10322,1703
"New Jersey","2020-05-20",209283,31972,9696,31389,10516,1651
"New Jersey","2020-05-21",211157,30826,9477,31670,10704,1599
"New Jersey","2020-05-22",212918,29686,9252,31934,10884,1547
"New Jersey","2020-05-23",214573,28556,9024,32183,11058,1494
"New Jersey","2020-05-24",216126,27438,8792,32416,11225,1442
"New Jersey","2020-05-25",217581,26337,8557,32634,11385,1390
"New Jersey","2020-05-26",218944,25255,8322,32838,11539,1338
"New Jersey","2020-05-27",220218,24193,8085,33029,11687,1287
"New Jersey","2020-05-28",221409,23154,7848,33208,11828,1237
"New Jersey","2020-05-29",222521,22140,7611,33375,11963,1188
"New Jersey","2020-05-30",223559,21151,7376,33531,12092,1139
"New Jersey","2020-05-31",224526,20190,7142,33676,12215,1091
"New Jersey","2020-06-01",225426,19258,6911,33811,12333,1045
"New Jersey","2020-06-02",226264,18354,6682,33936,12445,999
"New Jersey","2020-06-03",227043,17479,6456,34053,12552,955
"New Jersey","2020-06-04",227766,16635,6233,34162,12654,912
"New Jersey","2020-06-05",228438,15820,6015,34262,12750,870
"New Jersey","2020-06-06",229061,15035,5800,34356,12842,829
"New Jersey","2020-06-07",229639,14281,5589,34443,12930,790
"New Jersey","2020-06-08",230174,13555,5384,34523,13013,752
"New Jersey","2020-06-09",230669,12860,5182,34597,13092,715
"New Jersey","2020-06-10",231127,12193,4986,34666,13166,680
"New Jersey","2020-06-11",231551,11555,4794,34729,13237,646
"New Jersey","2020-06-12",231942,10944,4607,34788,13304,613
"New Jersey","2020-06-13",232303,10361,4426,34842,13368,582
"New Jersey","2020-06-14",232636,9805,4250,34892,13428,552
"New Jersey","2020-06-15",232943,9274,4079,34938,13485,523
"New York","2020-03-25",19235,12887,2326,2885,373,534
"New York","2020-03-26",22736,14941,2719,3410,458,622
"New York","2020-03-27",26548,17088,3138,3982,556,714
"New York","2020-03-28",30642,19294,3576,4596,668,810
"New York","2020-03-29",34988,21523,4029,5248,793,908
"New York","2020-03-30",39551,23739,4491,5933,931,1007
"New York","2020-03-31",44292,25911,4955,6644,1084,1105
"New York","2020-04-01",49176,28007,5416,7376,1249,1201
"New York","2020-04-02",54164,30000,5869,8125,1427,1294
"New York","2020-04-03",59222,31867,6309,8883,1616,1383
"New York","2020-04-04",64314,33589,6731,9647,1817,1466
"New York","2020-04-05",69409,35150,7132,10411,2028,1544
"New York","2020-04-06",74477,36539,7509,11172,2248,1615
"New York","2020-04-07",79492,37747,7859,11924,2475,1679
"New York","2020-04-08",84430,38770,8180,12664,2710,1735
"New York","2020-04-09",89270,39607,8470,13390,2950,1784
"New York","2020-04-10",93993,40258,8728,14099,3195,1825
"New York","2020-04-11",98585,40729,8954,14788,3444,1858
"New York","2020-04-12",103032,41025,9147,15455,3694,1883
"New York","2020-04-13",107325,41152,9308,16099,3946,1902
"New York","2020-04-14",111455,41121,9437,16718,4198,1912
"New York","2020-04-15",115416,40940,9535,17312,4450,1917
"New York","2020-04-16",119205,40622,9602,17881,4700,1914
"New York","2020-04-17",122820,40176,9641,18423,4948,1906
"New York","2020-04-18",126259,39615,9651,18939,5192,1891
"New York","2020-04-19",129524,38950,9636,19429,5433,1872
"New York","2020-04-20",132616,38193,9597,19892,5670,1847
"New York","2020-04-21",135538,37355,9534,20331,5901,1819
"New York","2020-04-22",138294,36448,9451,20744,6128,1786
"New York","2020-04-23",140889,35481,9348,21133,6348,1750
"New York","2020-04-24",143326,34465,9227,21499,6563,1711
"New York","2020-04-25",145612,33409,9091,21842,6771,1669
"New York","2020-04-26",147753,32323,8940,22163,6972,1625
"New York","2020-04-27",149755,31214,8777,22463,7167,1579
"New York","2020-04-28",151623,30090,8602,22743,7355,1532
"New York","2020-04-29",153365,28958,8418,23005,7536,1483
"New York","2020-04-30",154986,27825,8225,23248,7710,1434
"New York","2020-05-01",156492,26696,8026,23474,7877,1384
"New York","2020-05-02",157891,25576,7821,23684,8037,1334
"New York","2020-05-03",159188,24470,7612,23878,8190,1284
"New York","2020-05-04",160389,23382,7399,24058,8337,1234
"New York","2020-05-05",161500,22314,7184,24225,8477,1185
"New York","2020-05-06",162527,21271,6968,24379,8611,1136
"New York","2020-05-07",163474,20253,6751,24521,8738,1087
"New York","2020-05-08",164348,19264,6534,24652,8859,1040
"New York","2020-05-09",165153,18306,6319,24773,8974,993
"New York","2020-05-10",165894,17378,6105,24884,9084,948
"New York","2020-05-11",166575,16483,5893,24986,9187,904
"New York","2020-05-12",167201,15620,5684,25080,9286,860
"New York","2020-05-13",167775,14791,5478,25166,9379,819
"New York","2020-05-14",168302,13995,5275,25245,9467,778
"New York","2020-05-15",168784,13232,5077,25318,9551,739
"New York","2020-05-16",169226,12502,4883,25384,9629,701
"New York","2020-05-17",169630,11805,4693,25445,9704,665
"New York","2020-05-18",170000,11140,4507,25500,9774,630
"New York","2020-05-19",170338,10507,4327,25551,9841,596
"New York","2020-05-20",170646,9904,4151,25597,9903,564
"New York","2020-05-21",170927,9332,3981,25639,9962,533
"New York","2020-05-22",171184,8788,3815,25678,10018,504
"New York","2020-05-23",171417,8273,3655,25713,10070,476
"New York","2020-05-24",171630,7784,3499,25745,10119,449
"New York","2020-05-25",171824,7322,3349,25774,10165,423
"New York","2020-05-26",172000,6885,3204,25800,10209,399
"New York","2020-05-27",172160,6472,3064,25824,10250,376
"New York","2020-05-28",172306,6081,2929,25846,10288,354
"New York","2020-05-29",172438,5713,2799,25866,10324,333
"New York","2020-05-30",172558,5366,2674,25884,10358,313
"New York","2020-05-31",172666,5039,2553,25900,10390,294
"New York","2020-06-01",172765,4731,2438,25915,10420,276
"New York","2020-06-02",172854,4442,2326,25928,10448,259
"New York","2020-06-03",172935,4169,2220,25940,10475,243
"New York","2020-06-04",173008,3913,2117,25951,10499,228
"New York","2020-06-05",173075,3672,2019,25961,10523,214
"New York","2020-06-06",173135,3445,1925,25970,10544,201
"New York","2020-06-07",173189,3233,1834,25978,10565,188
"New York","2020-06-08",173238,3033,1748,25986,10584,176
"New York","2020-06-09",173282,2846,1665,25992,10602,165
"New York","2020-06-10",173322,2670,1586,25998,10619,154
"New York","2020-06-11",173358,2505,1511,26004,10635,145
"New York","2020-06-12",173391,2350,1438,26009,10650,135
"New York","2020-06-13",173420,2205,1369,26013,10664,126
"New York","2020-06-14",173447,2069,1303,26017,10677,118
"New York","2020-06-15",173471,1942,1240,26021,10689,110
"Pennsylvania","2020-03-25",736,533,94,110,6,22
"Pennsylvania","2020-03-26",878,616,110,132,8,26
"Pennsylvania","2020-03-27",1028,697,127,154,10,29
"Pennsylvania","2020-03-28",1183,777,144,178,12,33
"Pennsylvania","2020-03-29",1344,853,160,202,14,36
"Pennsylvania","2020-03-30",1508,926,177,226,17,40
"Pennsylvania","2020-03-31",1675,994,193,251,20,43
"Pennsylvania","2020-04-01",1843,1056,208,276,23,46
"Pennsylvania","2020-04-02",2011,1113,223,302,26,49
"Pennsylvania","2020-04-03",2179,1165,236,327,29,52
"Pennsylvania","2020-04-04",2345,1210,249,352,33,54
"Pennsylvania","2020-04-05",2508,1248,261,376,37,56
"Pennsylvania","2020-04-06",2669,1281,272,400,41,58
"Pennsylvania","2020-04-07",2826,1307,282,424,44,60
"Pennsylvania","2020-04-08",2979,1327,291,447,48,61
"Pennsylvania","2020-04-09",3128,1340,299,469,52,62
"Pennsylvania","2020-04-10",3271,1349,305,491,56,63
"Pennsylvania","2020-04-11",3409,1351,311,511,60,64
"Pennsylvania","2020-04-12",3542,1349,316,531,65,64
"Pennsylvania","2020-04-13",3670,1342,319,550,69,64
"Pennsylvania","2020-04-14",3791,1330,321,569,73,64
"Pennsylvania","2020-04-15",3907,1315,323,586,77,64
"Pennsylvania","2020-04-16",4017,1295,324,603,80,63
"Pennsylvania","2020-04-17",4122,1273,323,618,84,63
"Pennsylvania","2020-04-18",4221,1248,322,633,88,62
"Pennsylvania","2020-04-19",4314,1220,321,647,92,61
"Pennsylvania","2020-04-20",4402,1190,318,660,95,60
"Pennsylvania","2020-04-21",4485,1158,315,673,99,59
"Pennsylvania","2020-04-22",4563,1125,311,684,102,57
"Pennsylvania","2020-04-23",4636,1091,307,695,106,56
"Pennsylvania","2020-04-24",4705,1055,302,706,109,55
"Pennsylvania","2020-04-25",4769,1019,297,715,112,53
"Pennsylvania","2020-04-26",4828,983,292,724,115,52
"Pennsylvania","2020-04-27",4884,946,286,733,118,50
"Pennsylvania","2020-04-28",4936,910,280,740,121,48
"Pennsylvania","2020-04-29",4984,873,273,748,123,47
"Pennsylvania","2020-04-30",5029,837,267,754,126,45
"Pennsylvania","2020-05-01",5070,801,260,761,128,43
"Pennsylvania","2020-05-02",5109,766,253,766,131,42
"Pennsylvania","2020-05-03",5144,732,246,772,133,40
"Pennsylvania","2020-05-04",5177,698,239,777,135,39
"Pennsylvania","2020-05-05",5208,665,232,781,137,37
"Pennsylvania","2020-05-06",5236,634,225,785,139,35
"Pennsylvania","2020-05-07",5261,603,218,789,141,34
"Pennsylvania","2020-05-08",5285,573,211,793,143,32
"Pennsylvania","2020-05-09",5307,544,204,796,144,31
"Pennsylvania","2020-05-10",5327,516,197,799,146,29
"Pennsylvania","2020-05-11",5346,489,190,802,148,28
"Pennsylvania","2020-05-12",5363,464,184,804,149,27
"Pennsylvania","2020-05-13",5378,439,177,807,150,25
"Pennsylvania","2020-05-14",5392,415,171,809,152,24
"Pennsylvania","2020-05-15",5405,393,164,811,153,23
"Pennsylvania","2020-05-16",5417,371,158,813,154,22
"Pennsylvania","2020-05-17",5428,351,152,814,155,21
"Pennsylvania","2020-05-18",5438,331,146,816,156,20
"Pennsylvania","2020-05-19",5447,313,141,817,157,19
"Pennsylvania","2020-05-20",5455,295,135,818,158,18
"Pennsylvania","2020-05-21",5463,278,130,819,159,17
"Pennsylvania","2020-05-22",5470,262,125,820,160,16
"Pennsylvania","2020-05-23",5476,247,119,821,160,15
"Pennsylvania","2020-05-24",5482,233,115,822,161,14
"Pennsylvania","2020-05-25",5487,219,110,823,162,13
"Pennsylvania","2020-05-26",5491,207,105,824,162,12
"Pennsylvania","2020-05-27",5496,195,101,824,163,12
"Pennsylvania","2020-05-28",5500,183,97,825,164,11
"Pennsylvania","2020-05-29",5503,173,92,825,164,10
"Pennsylvania","2020-05-30",5506,162,88,826,165,10
"Pennsylvania","2020-05-31",5509,153,85,826,165,9
"Pennsylvania","2020-06-01",5512,144,81,827,166,9
"Pennsylvania","2020-06-02",5514,135,77,827,166,8
"Pennsylvania","2020-06-03",5516,127,74,827,166,8
"Pennsylvania","2020-06-04",5518,120,71,828,167,7
"Pennsylvania","2020-06-05",5520,113,68,828,167,7
"Pennsylvania","2020-06-06",5522,106,65,828,167,6
"Pennsylvania","2020-06-07",5523,100,62,828,168,6
"Pennsylvania","2020-06-08",5524,94,59,829,168,6
"Pennsylvania","2020-06-09",5526,88,56,829,168,5
"Pennsylvania","2020-06-10",5527,83,54,829,169,5
"Pennsylvania","2020-06-11",5528,78,51,829,169,5
"Pennsylvania","2020-06-12",5529,74,49,829,169,4
"Pennsylvania","2020-06-13",5529,69,47,829,169,4
"Pennsylvania","2020-06-14",5530,65,45,829,169,4
"Pennsylvania","2020-06-15",5531,62,43,830,170,4
"Texas","2020-03-25",786,562,99,116,6,23
"Texas","2020-03-26",956,668,120,142,7,28
"Texas","2020-03-27",1148,785,142,171,9,33
"Texas","2020-03-28",1363,912,167,203,10,38
"Texas","2020-03-29",1601,1048,194,238,13,44
"Texas","2020-03-30",1860,1192,223,277,15,51
"Texas","2020-03-31",2140,1342,253,319,18,57
"Texas","2020-04-01",2440,1496,285,364,21,64
"Texas","2020-04-02",2758,1653,318,412,25,71
"Texas","2020-04-03",3092,1809,352,462,29,78
"Texas","2020-04-04",3439,1963,386,514,33,86
"Texas","2020-04-05",3798,2113,420,568,37,93
"Texas","2020-04-06",4166,2258,454,623,42,100
"Texas","2020-04-07",4540,2395,488,679,47,106
"Texas","2020-04-08",4919,2524,520,736,53,113
"Texas","2020-04-09",5300,2642,551,793,59,119
"Texas","2020-04-10",5682,2750,581,851,65,124
"Texas","2020-04-11",6061,2846,609,907,71,129
"Texas","2020-04-12",6437,2930,635,964,77,134
"Texas","2020-04-13",6807,3001,660,1019,84,138
"Texas","2020-04-14",7171,3059,682,1074,91,142
"Texas","2020-04-15",7526,3105,701,1127,98,145
"Texas","2020-04-16",7873,3138,719,1179,105,147
"Texas","2020-04-17",8209,3160,734,1230,112,149
"Texas","2020-04-18",8535,3169,747,1279,119,151
"Texas","2020-04-19",8849,3168,758,1326,126,152
"Texas","2020-04-20",9151,3156,766,1371,133,152
"Texas","2020-04-21",9441,3134,773,1415,140,152
"Texas","2020-04-22",9719,3103,777,1456,147,152
"Texas","2020-04-23",9984,3064,779,1496,154,151
"Texas","2020-04-24",10236,3017,779,1534,161,150
"Texas","2020-04-25",10476,2964,777,1570,167,148
"Texas","2020-04-26",10704,2904,774,1604,174,146
"Texas","2020-04-27",10919,2839,769,1636,180,144
"Texas","2020-04-28",11122,2770,762,1667,187,141
"Texas","2020-04-29",11314,2697,754,1695,193,138
"Texas","2020-04-30",11494,2620,745,1722,199,135
"Texas","2020-05-01",11664,2541,734,1748,204,132
"Texas","2020-05-02",11823,2460,723,1772,210,129
"Texas","2020-05-03",11972,2378,711,1794,215,125
"Texas","2020-05-04",12111,2295,697,1815,221,122
"Texas","2020-05-05",12241,2211,683,1835,226,118
"Texas","2020-05-06",12363,2127,669,1853,230,114
"Texas","2020-05-07",12476,2044,654,1870,235,110
"Texas","2020-05-08",12581,1961,638,1885,240,107
"Texas","2020-05-09",12679,1879,622,1900,244,103
"Texas","2020-05-10",12769,1799,606,1914,248,99
"Texas","2020-05-11",12853,1720,590,1926,252,95
"Texas","2020-05-12",12931,1642,573,1938,256,91
"Texas","2020-05-13",13003,1567,557,1949,259,88
"Texas","2020-05-14",13070,1493,540,1959,263,84
"Texas","2020-05-15",13131,1422,524,1968,266,80
"Texas","2020-05-16",13188,1353,507,1977,269,77
"Texas","2020-05-17",13240,1286,491,1984,272,74
"Texas","2020-05-18",13288,1222,475,1992,275,70
"Texas","2020-05-19",13333,1160,459,1998,277,67
"Texas","2020-05-20",13373,1100,443,2004,280,64
"Texas","2020-05-21",13411,1043,428,2010,282,61
"Texas","2020-05-22",13445,988,412,2015,285,58
"Texas","2020-05-23",13477,936,397,2020,287,55
"Texas","2020-05-24",13505,886,383,2024,289,52
"Texas","2020-05-25",13532,838,369,2028,291,50
"Texas","2020-05-26",13556,792,355,2032,293,47
"Texas","2020-05-27",13578,748,341,2035,294,45
"Texas","2020-05-28",13598,707,328,2038,296,42
"Texas","2020-05-29",13616,668,315,2041,297,40
"Texas","2020-05-30",13633,630,303,2043,299,38
"Texas","2020-05-31",13649,595,291,2046,300,36
"Texas","2020-06-01",13662,561,279,2048,302,34
"Texas","2020-06-02",13675,529,268,2050,303,32
"Texas","2020-06-03",13687,499,257,2051,304,30
"Texas","2020-06-04",13697,470,246,2053,305,28
"Texas","2020-06-05",13707,443,236,2054,306,27
"Texas","2020-06-06",13716,418,226,2056,307,25
"Texas","2020-06-07",13724,394,216,2057,308,24
"Texas","2020-06-08",13731,371,207,2058,309,22
"Texas","2020-06-09",13737,350,198,2059,310,21
"Texas","2020-06-10",13743,329,190,2060,310,20
"Texas","2020-06-11",13749,310,182,2061,311,19
"Texas","2020-06-12",13753,292,174,2061,312,18
"Texas","2020-06-13",13758,275,166,2062,312,17
"Texas","2020-06-14",13762,259,159,2063,313,16
"Texas","2020-06-15",13765,244,152,2063,314,15
"Washington","2020-03-25",80,-23,-7,-14,16,-1
"Washington","2020-03-26",79,-22,-7,-15,15,-1
"Washington","2020-03-27",78,-20,-7,-15,15,-1
"Washington","2020-03-28",78,-19,-6,-15,15,-1
"Washington","2020-03-29",77,-18,-6,-15,15,-1
"Washington","2020-03-30",77,-17,-6,-15,15,-1
"Washington","2020-03-31",76,-16,-6,-15,15,-1
"Washington","2020-04-01",76,-15,-6,-15,15,-1
"Washington","2020-04-02",75,-14,-5,-15,15,-1
"Washington","2020-04-03",75,-13,-5,-15,15,-1
"Washington","2020-04-04",75,-13,-5,-15,15,-1
"Washington","2020-04-05",74,-12,-5,-15,15,-1
"Washington","2020-04-06",74,-11,-5,-15,15,-1
"Washington","2020-04-07",74,-10,-5,-15,15,-1
"Washington","2020-04-08",73,-10,-4,-15,15,-1
"Washington","2020-04-09",73,-9,-4,-15,15,-1
"Washington","2020-04-10",73,-9,-4,-15,15,-1
"Washington","2020-04-11",73,-8,-4,-15,15,-1
"Washington","2020-04-12",73,-8,-4,-16,15,0
"Washington","2020-04-13",72,-7,-4,-16,15,0
"Washington","2020-04-14",72,-7,-3,-16,15,0
"Washington","2020-04-15",72,-6,-3,-16,15,0
"Washington","2020-04-16",72,-6,-3,-16,15,0
"Washington","2020-04-17",72,-6,-3,-16,15,0
"Washington","2020-04-18",72,-5,-3,-16,15,0
"Washington","2020-04-19",72,-5,-3,-16,15,0
"Washington","2020-04-20",72,-5,-3,-16,15,0
"Washington","2020-04-21",72,-4,-3,-16,15,0
"Washington","2020-04-22",72,-4,-2,-16,15,0
"Washington","2020-04-23",71,-4,-2,-16,15,0
"Washington","2020-04-24",71,-4,-2,-16,15,0
"Washington","2020-04-25",71,-3,-2,-16,15,0
"Washington","2020-04-26",71,-3,-2,-16,15,0
"Washington","2020-04-27",71,-3,-2,-16,15,0
"Washington","2020-04-28",71,-3,-2,-16,15,0
"Washington","2020-04-29",71,-3,-2,-16,15,0
"Washington","2020-04-30",71,-3,-2,-16,15,0
"Washington","2020-05-01",71,-2,-2,-16,15,0
"Washington","2020-05-02",71,-2,-2,-16,15,0
"Washington","2020-05-03",71,-2,-2,-16,15,0
"Washington","2020-05-04",71,-2,-1,-16,15,0
"Washington","2020-05-05",71,-2,-1,-16,15,0
"Washington","2020-05-06",71,-2,-1,-16,15,0
"Washington","2020-05-07",71,-2,-1,-16,15,0
"Washington","2020-05-08",71,-2,-1,-16,15,0
"Washington","2020-05-09",71,-2,-1,-16,15,0
"Washington","2020-05-10",71,-1,-1,-16,15,0
"Washington","2020-05-11",71,-1,-1,-16,15,0
"Washington","2020-05-12",71,-1,-1,-16,15,0
"Washington","2020-05-13",71,-1,-1,-16,15,0
"Washington","2020-05-14",71,-1,-1,-16,15,0
"Washington","2020-05-15",71,-1,-1,-16,15,0
"Washington","2020-05-16",71,-1,-1,-16,15,0
"Washington","2020-05-17",71,-1,-1,-16,15,0
"Washington","2020-05-18",71,-1,-1,-16,15,0
"Washington","2020-05-19",71,-1,-1,-16,15,0
"Washington","2020-05-20",71,-1,-1,-16,15,0
"Washington","2020-05-21",71,-1,-1,-16,15,0
"Washington","2020-05-22",71,-1,-1,-16,15,0
"Washington","2020-05-23",71,-1,-1,-16,15,0
"Washington","2020-05-24",71,-1,-1,-16,15,0
"Washington","2020-05-25",71,-1,-1,-16,15,0
"Washington","2020-05-26",71,-1,-1,-16,15,0
"Washington","2020-05-27",71,-1,-1,-16,15,0
"Washington","2020-05-28",71,-1,0,-16,15,0
"Washington","2020-05-29",71,-1,0,-16,15,0
"Washington","2020-05-30",71,0,0,-16,15,0
"Washington","2020-05-31",71,0,0,-16,15,0
"Washington","2020-06-01",71,0,0,-16,15,0
"Washington","2020-06-02",71,0,0,-16,15,0
"Washington","2020-06-03",71,0,0,-16,15,0
"Washington","2020-06-04",71,0,0,-16,15,0
"Washington","2020-06-05",71,0,0,-16,15,0
"Washington","2020-06-06",71,0,0,-16,15,0
"Washington","2020-06-07",71,0,0,-16,15,0
"Washington","2020-06-08",71,0,0,-16,15,0
"Washington","2020-06-09",71,0,0,-16,15,0
"Washington","2020-06-10",71,0,0,-16,15,0
"Washington","2020-06-11",71,0,0,-16,15,0
"Washington","2020-06-12",71,0,0,-16,15,0
"Washington","2020-06-13",71,0,0,-16,15,0
"Washington","2020-06-14",71,0,0,-16,15,0
"Washington","2020-06-15",71,0,0,-16,15,0
"US","2020-03-25",31198,20972,3773,4630,552,869
"US","2020-03-26",37067,24481,4442,5511,673,1019
"US","2020-03-27",43577,28254,5170,6487,817,1179
"US","2020-03-28",50724,32264,5957,7559,982,1352
"US","2020-03-29",58499,36477,6793,8724,1170,1537
"US","2020-03-30",66888,40861,7679,9983,1378,1731
"US","2020-03-31",75867,45381,8604,11329,1614,1929
"US","2020-04-01",85419,50000,9568,12763,1874,2134
"US","2020-04-02",95506,54688,10562,14277,2157,2346
"US","2020-04-03",106105,59402,11580,15865,2465,2562
"US","2020-04-04",117175,64110,12617,17528,2800,2777
"US","2020-04-05",128678,68778,13663,19252,3159,2993
"US","2020-04-06",140580,73376,14713,21038,3542,3207
"US","2020-04-07",152834,77869,15769,22875,3947,3420
"US","2020-04-08",165402,82229,16813,24761,4375,3629
"US","2020-04-09",178242,86432,17846,26687,4828,3832
"US","2020-04-10",191307,90451,18859,28649,5299,4027
"US","2020-04-11",204555,94268,19848,30633,5792,4215
"US","2020-04-12",217945,97858,20809,32640,6302,4396
"US","2020-04-13",231434,101207,21738,34664,6830,4568
"US","2020-04-14",244979,104299,22626,36697,7372,4730
"US","2020-04-15",258543,107127,23475,38730,7930,4881
"US","2020-04-16",272089,109675,24276,40763,8500,5018
"US","2020-04-17",285578,111938,25029,42788,9082,5146
"US","2020-04-18",298976,113916,25734,44798,9673,5260
"US","2020-04-19",312250,115598,26384,46789,10273,5363
"US","2020-04-20",325371,116995,26979,48755,10877,5451
"US","2020-04-21",338312,118098,27519,50699,11487,5527
"US","2020-04-22",351046,118918,28003,52606,12102,5590
"US","2020-04-23",363548,119460,28428,54481,12719,5642
"US","2020-04-24",375800,119727,28795,56321,13337,5679
"US","2020-04-25",387781,119732,29104,58118,13951,5704
"US","2020-04-26",399477,119485,29359,59873,14566,5720
"US","2020-04-27",410874,118994,29555,61581,15175,5721
"US","2020-04-28",421957,118273,29696,63242,15782,5707
"US","2020-04-29",432720,117332,29783,64858,16379,5689
"US","2020-04-30",443153,116189,29819,66423,16971,5659
"US","2020-05-01",453249,114854,29804,67938,17554,5617
"US","2020-05-02",463007,113340,29741,69401,18129,5569
"US","2020-05-03",472422,111665,29630,70815,18696,5507
"US","2020-05-04",481496,109842,29476,72176,19252,5442
"US","2020-05-05",490227,107883,29279,73485,19796,5368
"US","2020-05-06",498615,105804,29045,74743,20329,5286
"US","2020-05-07",506667,103617,28772,75949,20849,5199
"US","2020-05-08",514386,101335,28462,77108,21357,5106
"US","2020-05-09",521773,98974,28123,78215,21852,5008
"US","2020-05-10",528841,96545,27753,79277,22333,4903
"US","2020-05-11",535591,94060,27355,80290,22802,4798
"US","2020-05-12",542032,91525,26932,81252,23256,4686
"US","2020-05-13",548171,88961,26486,82176,23696,4572
"US","2020-05-14",554017,86368,26022,83053,24125,4456
"US","2020-05-15",559577,83763,25537,83890,24537,4338
"US","2020-05-16",564863,81151,25038,84681,24934,4221
"US","2020-05-17",569881,78542,24524,85433,25318,4102
"US","2020-05-18",574642,75943,23998,86147,25689,3980
"US","2020-05-19",579156,73361,23465,86824,26047,3859
"US","2020-05-20",583428,70800,22921,87464,26393,3735
"US","2020-05-21",587472,68273,22373,88070,26724,3616
"US","2020-05-22",591296,65777,21816,88645,27043,3498
"US","2020-05-23",594906,63323,21259,89186,27347,3377
"US","2020-05-24",598317,60909,20702,89699,27639,3259
"US","2020-05-25",601533,58544,20142,90180,27919,3143
"US","2020-05-26",604565,56231,19583,90636,28188,3028
"US","2020-05-27",607422,53968,19028,91064,28448,2916
"US","2020-05-28",610110,51759,18476,91466,28693,2804
"US","2020-05-29",612638,49610,17928,91847,28929,2697
"US","2020-05-30",615017,47517,17385,92204,29152,2589
"US","2020-05-31",617251,45488,16850,92538,29365,2487
"US","2020-06-01",619348,43516,16320,92853,29573,2385
"US","2020-06-02",621316,41607,15797,93148,29766,2285
"US","2020-06-03",623163,39756,15284,93423,29952,2188
"US","2020-06-04",624891,37971,14778,93686,30128,2096
"US","2020-06-05",626514,36243,14283,93926,30297,2006
"US","2020-06-06",628032,34579,13796,94155,30455,1917
"US","2020-06-07",629453,32977,13318,94368,30611,1833
"US","2020-06-08",630778,31430,12852,94567,30755,1751
"US","2020-06-09",632021,29944,12396,94752,30893,1670
"US","2020-06-10",633179,28514,11954,94928,31022,1593
"US","2020-06-11",634266,27143,11521,95089,31145,1521
"US","2020-06-12",635276,25829,11096,95241,31265,1447
"US","2020-06-13",636218,24565,10686,95382,31376,1380
"US","2020-06-14",637099,23356,10286,95515,31481,1314
"US","2020-06-15",637919,22200,9897,95639,31582,1250
