Continent,Country,Province,Day,Total Detected,Active,Active Hospitalized,Cumulative Hospitalized,Total Detected Deaths,Active Ventilated,Total Detected True,Total Detected Deaths True,Total Detected LB,Total Detected Deaths LB,Total Detected UB,Total Detected Deaths UB
Europe,Germany,None,2020-10-08,300490,20774,4331,45074,10248,725,,,300490,10248,300490,10248
Europe,Germany,None,2020-10-09,301424,20383,4272,45214,10269,711,,,300490,10248,316037,10728
Europe,Germany,None,2020-10-10,302317,19978,4209,45348,10290,696,,,300490,10248,322984,10939
Europe,Germany,None,2020-10-11,303168,19557,4143,45475,10310,680,,,300490,10248,328479,11105
Europe,Germany,None,2020-10-12,303973,19119,4074,45596,10330,664,,,300490,10248,333200,11249
Europe,Germany,None,2020-10-13,304736,18667,4001,45710,10349,647,,,300490,10248,337413,11376
Europe,Germany,None,2020-10-14,305460,18206,3925,45819,10368,630,,,300490,10248,341255,11493
Europe,Germany,None,2020-10-15,306147,17738,3848,45922,10386,613,,,300490,10248,344811,11601
Europe,Germany,None,2020-10-16,306797,17266,3769,46020,10404,595,,,300490,10248,348130,11703
Europe,Germany,None,2020-10-17,307412,16789,3689,46112,10422,578,,,300490,10248,351252,11800
Europe,Germany,None,2020-10-18,307989,16305,3606,46198,10439,560,,,300490,10248,354201,11891
Europe,Germany,None,2020-10-19,308529,15815,3522,46279,10455,542,,,300490,10248,356996,11978
Europe,Germany,None,2020-10-20,309035,15323,3436,46355,10471,524,,,300490,10248,359657,12062
Europe,Germany,None,2020-10-21,309510,14833,3350,46426,10486,507,,,300490,10248,362199,12142
Europe,Germany,None,2020-10-22,309956,14346,3264,46493,10501,489,,,300490,10248,364634,12219
Europe,Germany,None,2020-10-23,310374,13863,3177,46556,10516,471,,,300490,10248,366972,12295
Europe,Germany,None,2020-10-24,310765,13383,3090,46615,10530,454,,,300490,10248,369219,12367
Europe,Germany,None,2020-10-25,311127,12906,3004,46669,10543,437,,,300490,10248,371380,12437
Europe,Germany,None,2020-10-26,311461,12432,2916,46719,10556,420,,,300490,10248,373461,12504
Europe,Germany,None,2020-10-27,311772,11964,2830,46766,10569,403,,,300490,10248,375470,12571
Europe,Germany,None,2020-10-28,312061,11505,2744,46809,10581,387,,,300490,10248,377414,12635
Europe,Germany,None,2020-10-29,312329,11055,2659,46849,10592,370,,,300490,10248,379296,12697
Europe,Germany,None,2020-10-30,312578,10615,2575,46887,10603,355,,,300490,10248,381121,12757
Europe,Germany,None,2020-10-31,312808,10184,2492,46921,10614,339,,,300490,10248,382892,12816
Europe,Germany,None,2020-11-01,313019,9761,2410,46953,10624,324,,,300490,10248,384610,12874
Europe,Germany,None,2020-11-02,313212,9348,2329,46982,10634,310,,,300490,10248,386279,12930
Europe,Germany,None,2020-11-03,313390,8945,2250,47008,10643,295,,,300490,10248,387904,12985
Europe,Germany,None,2020-11-04,313554,8555,2172,47033,10652,282,,,300490,10248,389488,13038
Europe,Germany,None,2020-11-05,313705,8176,2096,47056,10661,268,,,300490,10248,391032,13091
Europe,Germany,None,2020-11-06,313843,7809,2021,47077,10669,255,,,300490,10248,392539,13142
Europe,Germany,None,2020-11-07,313970,7453,1948,47095,10677,243,,,300490,10248,394011,13192
Europe,Germany,None,2020-11-08,314084,7108,1877,47113,10685,231,,,300490,10248,395448,13242
Europe,Germany,None,2020-11-09,314189,6775,1807,47128,10692,219,,,300490,10248,396855,13290
Europe,Germany,None,2020-11-10,314285,6454,1739,47143,10699,208,,,300490,10248,398233,13337
Europe,Germany,None,2020-11-11,314372,6145,1673,47156,10705,197,,,300490,10248,399582,13383
Europe,Germany,None,2020-11-12,314452,5848,1609,47168,10711,187,,,300490,10248,400906,13428
Europe,Germany,None,2020-11-13,314525,5562,1547,47179,10717,177,,,300490,10248,402206,13473
Europe,Germany,None,2020-11-14,314590,5287,1486,47188,10723,168,,,300490,10248,403480,13517
Europe,Germany,None,2020-11-15,314649,5023,1428,47197,10728,159,,,300490,10248,404732,13559
Europe,Germany,None,2020-11-16,314703,4770,1371,47205,10733,150,,,300490,10248,405964,13601
Europe,Germany,None,2020-11-17,314751,4528,1316,47213,10738,142,,,300490,10248,407174,13643
Europe,Germany,None,2020-11-18,314796,4297,1263,47219,10743,134,,,300490,10248,408368,13684
Europe,Germany,None,2020-11-19,314836,4076,1212,47225,10747,126,,,300490,10248,409542,13723
Europe,Germany,None,2020-11-20,314872,3864,1162,47231,10751,119,,,300490,10248,410699,13763
Europe,Germany,None,2020-11-21,314904,3663,1114,47236,10755,112,,,300490,10248,411839,13801
Europe,Germany,None,2020-11-22,314933,3470,1068,47240,10759,106,,,300490,10248,412963,13840
Europe,Germany,None,2020-11-23,314959,3286,1023,47244,10762,100,,,300490,10248,414072,13877
Europe,Germany,None,2020-11-24,314983,3112,981,47247,10766,94,,,300490,10248,415168,13914
Europe,Germany,None,2020-11-25,315004,2946,939,47251,10769,89,,,300490,10248,416249,13951
Europe,Germany,None,2020-11-26,315023,2788,900,47253,10772,83,,,300490,10248,417317,13987
Europe,Germany,None,2020-11-27,315040,2638,861,47256,10775,78,,,300490,10248,418373,14022
Europe,Germany,None,2020-11-28,315056,2495,825,47258,10777,74,,,300490,10248,419417,14057
Europe,Germany,None,2020-11-29,315069,2359,789,47260,10780,69,,,300490,10248,420448,14092
Europe,Germany,None,2020-11-30,315082,2230,755,47262,10782,65,,,300490,10248,421469,14125
Europe,Germany,None,2020-12-01,315093,2108,723,47264,10785,61,,,300490,10248,422479,14160
Europe,Germany,None,2020-12-02,315102,1993,692,47265,10787,57,,,300490,10248,423478,14193
Europe,Germany,None,2020-12-03,315111,1883,662,47267,10789,54,,,300490,10248,424468,14226
Europe,Germany,None,2020-12-04,315119,1779,633,47268,10791,51,,,300490,10248,425448,14258
Europe,Germany,None,2020-12-05,315126,1681,605,47269,10792,47,,,300490,10248,426419,14290
Europe,Germany,None,2020-12-06,315132,1588,579,47270,10794,45,,,300490,10248,427380,14322
Europe,Germany,None,2020-12-07,315138,1500,553,47271,10796,42,,,300490,10248,428333,14353
Europe,Germany,None,2020-12-08,315143,1416,529,47271,10797,39,,,300490,10248,429278,14384
Europe,Germany,None,2020-12-09,315147,1337,506,47272,10799,37,,,300490,10248,430213,14415
Europe,Germany,None,2020-12-10,315151,1263,483,47273,10800,34,,,300490,10248,431142,14445
Europe,Germany,None,2020-12-11,315155,1192,462,47273,10801,32,,,300490,10248,432062,14475
Europe,Germany,None,2020-12-12,315158,1126,442,47274,10803,30,,,300490,10248,432975,14506
Europe,Germany,None,2020-12-13,315161,1063,422,47274,10804,28,,,300490,10248,433881,14535
Europe,Germany,None,2020-12-14,315163,1003,403,47274,10805,26,,,300490,10248,434779,14564
Europe,Germany,None,2020-12-15,315166,947,385,47275,10806,25,,,300490,10248,435671,14593
Europe,Greece,None,2020-10-08,20425,4015,807,3063,419,142,,,20425,419,20425,419
Europe,Greece,None,2020-10-09,20676,4006,807,3101,423,141,,,20425,419,26802,482
Europe,Greece,None,2020-10-10,20925,3996,807,3138,427,141,,,20425,419,29588,510
Europe,Greece,None,2020-10-11,21173,3985,807,3175,431,140,,,20425,419,31783,533
Europe,Greece,None,2020-10-12,21419,3973,806,3212,435,140,,,20425,419,33671,552
Europe,Greece,None,2020-10-13,21663,3961,805,3249,439,139,,,20425,419,35361,570
Europe,Greece,None,2020-10-14,21906,3947,804,3285,443,139,,,20425,419,36911,587
Europe,Greece,None,2020-10-15,22146,3933,803,3321,447,138,,,20425,419,38353,602
Europe,Greece,None,2020-10-16,22385,3917,802,3357,451,137,,,20425,419,39712,617
Europe,Greece,None,2020-10-17,22622,3902,800,3392,455,137,,,20425,419,41000,631
Europe,Greece,None,2020-10-18,22858,3886,798,3428,459,136,,,20425,419,42230,644
Europe,Greece,None,2020-10-19,23093,3869,796,3463,463,136,,,20425,419,43410,657
Europe,Greece,None,2020-10-20,23326,3853,794,3498,467,135,,,20425,419,44547,670
Europe,Greece,None,2020-10-21,23557,3835,792,3533,471,134,,,20425,419,45644,682
Europe,Greece,None,2020-10-22,23785,3816,790,3567,475,134,,,20425,419,46706,694
Europe,Greece,None,2020-10-23,24012,3796,787,3601,478,133,,,20425,419,47737,705
Europe,Greece,None,2020-10-24,24237,3777,784,3635,482,132,,,20425,419,48740,717
Europe,Greece,None,2020-10-25,24462,3758,781,3668,486,131,,,20425,419,49720,728
Europe,Greece,None,2020-10-26,24685,3739,779,3702,490,131,,,20425,419,50675,739
Europe,Greece,None,2020-10-27,24907,3720,776,3735,493,130,,,20425,419,51609,749
Europe,Greece,None,2020-10-28,25128,3701,773,3768,497,129,,,20425,419,52524,759
Europe,Greece,None,2020-10-29,25346,3681,770,3801,500,128,,,20425,419,53418,769
Europe,Greece,None,2020-10-30,25561,3659,766,3833,504,128,,,20425,419,54294,779
Europe,Greece,None,2020-10-31,25775,3637,763,3865,508,127,,,20425,419,55154,789
Europe,Greece,None,2020-11-01,25988,3616,760,3897,511,126,,,20425,419,55998,798
Europe,Greece,None,2020-11-02,26200,3595,756,3929,515,125,,,20425,419,56829,808
Europe,Greece,None,2020-11-03,26411,3574,753,3961,518,124,,,20425,419,57647,817
Europe,Greece,None,2020-11-04,26620,3553,749,3992,521,124,,,20425,419,58451,826
Europe,Greece,None,2020-11-05,26827,3531,745,4023,525,123,,,20425,419,59242,835
Europe,Greece,None,2020-11-06,27032,3509,742,4054,528,122,,,20425,419,60021,844
Europe,Greece,None,2020-11-07,27236,3487,738,4084,532,121,,,20425,419,60789,853
Europe,Greece,None,2020-11-08,27438,3465,734,4115,535,121,,,20425,419,61545,861
Europe,Greece,None,2020-11-09,27640,3444,730,4145,538,120,,,20425,419,62293,870
Europe,Greece,None,2020-11-10,27840,3422,726,4175,542,119,,,20425,419,63030,879
Europe,Greece,None,2020-11-11,28038,3400,722,4205,545,118,,,20425,419,63758,887
Europe,Greece,None,2020-11-12,28234,3378,718,4234,548,117,,,20425,419,64475,895
Europe,Greece,None,2020-11-13,28429,3356,714,4263,551,117,,,20425,419,65184,903
Europe,Greece,None,2020-11-14,28623,3334,710,4293,554,116,,,20425,419,65885,911
Europe,Greece,None,2020-11-15,28816,3312,706,4321,557,115,,,20425,419,66578,918
Europe,Greece,None,2020-11-16,29007,3291,702,4350,561,114,,,20425,419,67263,927
Europe,Greece,None,2020-11-17,29197,3269,698,4379,564,113,,,20425,419,67940,935
Europe,Greece,None,2020-11-18,29385,3247,694,4407,567,113,,,20425,419,68610,942
Europe,Greece,None,2020-11-19,29571,3224,690,4435,570,112,,,20425,419,69271,950
Europe,Greece,None,2020-11-20,29756,3202,686,4463,573,111,,,20425,419,69926,957
Europe,Greece,None,2020-11-21,29940,3180,681,4490,576,110,,,20425,419,70574,965
Europe,Greece,None,2020-11-22,30123,3158,677,4518,579,109,,,20425,419,71216,972
Europe,Greece,None,2020-11-23,30305,3138,673,4545,582,109,,,20425,419,71853,980
Europe,Greece,None,2020-11-24,30486,3117,669,4572,585,108,,,20425,419,72483,987
Europe,Greece,None,2020-11-25,30665,3096,665,4599,587,107,,,20425,419,73106,993
Europe,Greece,None,2020-11-26,30842,3074,661,4625,590,106,,,20425,419,73723,1000
Europe,Greece,None,2020-11-27,31018,3052,657,4652,593,106,,,20425,419,74334,1008
Europe,Greece,None,2020-11-28,31192,3030,652,4678,596,105,,,20425,419,74939,1015
Europe,Greece,None,2020-11-29,31365,3009,648,4704,599,104,,,20425,419,75539,1022
Europe,Greece,None,2020-11-30,31538,2988,644,4730,602,103,,,20425,419,76135,1029
Europe,Greece,None,2020-12-01,31709,2968,640,4755,604,103,,,20425,419,76725,1035
Europe,Greece,None,2020-12-02,31879,2947,636,4781,607,102,,,20425,419,77310,1042
Europe,Greece,None,2020-12-03,32047,2925,631,4806,610,101,,,20425,419,77889,1049
Europe,Greece,None,2020-12-04,32213,2904,627,4831,612,100,,,20425,419,78462,1055
Europe,Greece,None,2020-12-05,32379,2883,623,4856,615,100,,,20425,419,79032,1061
Europe,Greece,None,2020-12-06,32544,2863,619,4881,618,99,,,20425,419,79598,1068
Europe,Greece,None,2020-12-07,32708,2843,615,4905,620,98,,,20425,419,80159,1074
Europe,Greece,None,2020-12-08,32870,2822,611,4930,623,98,,,20425,419,80714,1081
Europe,Greece,None,2020-12-09,33030,2802,606,4954,625,97,,,20425,419,81265,1087
Europe,Greece,None,2020-12-10,33190,2781,602,4978,628,96,,,20425,419,81812,1093
Europe,Greece,None,2020-12-11,33348,2761,598,5001,630,95,,,20425,419,82355,1099
Europe,Greece,None,2020-12-12,33505,2741,594,5025,633,95,,,20425,419,82893,1106
Europe,Greece,None,2020-12-13,33662,2722,590,5048,635,94,,,20425,419,83429,1111
Europe,Greece,None,2020-12-14,33817,2702,586,5072,638,93,,,20425,419,83959,1118
Europe,Greece,None,2020-12-15,33971,2682,582,5095,640,93,,,20425,419,84486,1123
Europe,Italy,None,2020-10-08,329473,24428,4776,49418,37126,867,,,329473,37126,329473,37126
Europe,Italy,None,2020-10-09,330971,24342,4777,49643,37178,863,,,329531,37126,332411,37967
Europe,Italy,None,2020-10-10,332429,24221,4772,49862,37230,858,,,330392,37126,334466,38346
Europe,Italy,None,2020-10-11,333844,24068,4761,50074,37281,852,,,331350,37126,336338,38648
Europe,Italy,None,2020-10-12,335216,23883,4745,50280,37332,844,,,332336,37126,338096,38911
Europe,Italy,None,2020-10-13,336545,23668,4722,50479,37382,836,,,333325,37126,339765,39147
Europe,Italy,None,2020-10-14,337829,23423,4695,50672,37431,826,,,334301,37126,341357,39365
Europe,Italy,None,2020-10-15,339066,23151,4661,50857,37480,816,,,335256,37126,342876,39569
Europe,Italy,None,2020-10-16,340257,22850,4623,51036,37528,804,,,336184,37126,344330,39761
Europe,Italy,None,2020-10-17,341399,22521,4579,51207,37575,792,,,337078,37126,345720,39943
Europe,Italy,None,2020-10-18,342491,22165,4530,51371,37621,778,,,337937,37126,347045,40117
Europe,Italy,None,2020-10-19,343536,21786,4476,51528,37666,764,,,338759,37126,348313,40284
Europe,Italy,None,2020-10-20,344535,21388,4418,51678,37710,749,,,339546,37126,349524,40445
Europe,Italy,None,2020-10-21,345491,20972,4356,51821,37753,733,,,340298,37126,350684,40599
Europe,Italy,None,2020-10-22,346401,20540,4291,51957,37795,717,,,341012,37126,351790,40749
Europe,Italy,None,2020-10-23,347265,20091,4221,52087,37836,700,,,341687,37126,352843,40893
Europe,Italy,None,2020-10-24,348081,19624,4148,52209,37876,683,,,342320,37126,353842,41034
Europe,Italy,None,2020-10-25,348852,19142,4072,52325,37914,665,,,342914,37126,354790,41169
Europe,Italy,None,2020-10-26,349581,18650,3993,52434,37952,647,,,343471,37126,355691,41301
Europe,Italy,None,2020-10-27,350271,18153,3912,52538,37988,628,,,343993,37126,356549,41429
Europe,Italy,None,2020-10-28,350923,17650,3829,52636,38024,610,,,344482,37126,357364,41554
Europe,Italy,None,2020-10-29,351536,17142,3744,52728,38058,591,,,344936,37126,358136,41675
Europe,Italy,None,2020-10-30,352110,16629,3657,52814,38091,572,,,345355,37126,358865,41794
Europe,Italy,None,2020-10-31,352646,16110,3569,52894,38122,553,,,345739,37126,359553,41908
Europe,Italy,None,2020-11-01,353146,15590,3479,52969,38153,534,,,346091,37126,360201,42020
Europe,Italy,None,2020-11-02,353614,15072,3389,53039,38182,515,,,346413,37126,360815,42129
Europe,Italy,None,2020-11-03,354053,14558,3299,53105,38211,497,,,346709,37126,361397,42236
Europe,Italy,None,2020-11-04,354463,14050,3209,53167,38238,478,,,346980,37126,361946,42340
Europe,Italy,None,2020-11-05,354845,13546,3118,53224,38264,460,,,347224,37126,362466,42441
Europe,Italy,None,2020-11-06,355197,13046,3028,53277,38289,442,,,347441,37126,362953,42540
Europe,Italy,None,2020-11-07,355522,12551,2937,53326,38313,424,,,347634,37126,363410,42637
Europe,Italy,None,2020-11-08,355823,12063,2848,53371,38336,407,,,347804,37126,363842,42731
Europe,Italy,None,2020-11-09,356102,11585,2759,53413,38358,389,,,347955,37126,364249,42823
Europe,Italy,None,2020-11-10,356361,11118,2671,53451,38378,373,,,348088,37126,364634,42913
Europe,Italy,None,2020-11-11,356600,10662,2584,53487,38398,356,,,348202,37126,364998,43001
Europe,Italy,None,2020-11-12,356821,10216,2499,53520,38417,340,,,348301,37126,365341,43087
Europe,Italy,None,2020-11-13,357022,9779,2415,53551,38435,325,,,348381,37126,365663,43171
Europe,Italy,None,2020-11-14,357206,9354,2332,53578,38452,310,,,348446,37126,365966,43254
Europe,Italy,None,2020-11-15,357376,8940,2250,53604,38469,295,,,348498,37126,366254,43335
Europe,Italy,None,2020-11-16,357531,8540,2171,53627,38484,281,,,348537,37126,366525,43414
Europe,Italy,None,2020-11-17,357674,8152,2093,53648,38499,267,,,348565,37126,366783,43492
Europe,Italy,None,2020-11-18,357806,7778,2017,53668,38513,254,,,348584,37126,367028,43568
Europe,Italy,None,2020-11-19,357925,7415,1943,53686,38526,241,,,348592,37126,367258,43642
Europe,Italy,None,2020-11-20,358033,7064,1870,53702,38539,229,,,348592,37126,367477,43715
Europe,Italy,None,2020-11-21,358131,6726,1799,53717,38550,217,,,348592,37126,367684,43786
Europe,Italy,None,2020-11-22,358221,6401,1731,53731,38562,206,,,348592,37126,367882,43857
Europe,Italy,None,2020-11-23,358304,6089,1664,53743,38572,195,,,348592,37126,368072,43926
Europe,Italy,None,2020-11-24,358378,5789,1599,53754,38582,185,,,348592,37126,368251,43994
Europe,Italy,None,2020-11-25,358446,5501,1537,53764,38592,175,,,348592,37126,368424,44061
Europe,Italy,None,2020-11-26,358508,5225,1476,53773,38600,165,,,348592,37126,368589,44126
Europe,Italy,None,2020-11-27,358563,4960,1417,53782,38609,156,,,348592,37126,368747,44191
Europe,Italy,None,2020-11-28,358613,4706,1360,53789,38617,148,,,348592,37126,368898,44254
Europe,Italy,None,2020-11-29,358659,4464,1305,53796,38624,139,,,348592,37126,369044,44316
Europe,Italy,None,2020-11-30,358700,4233,1251,53802,38631,132,,,348592,37126,369185,44378
Europe,Italy,None,2020-12-01,358737,4012,1200,53808,38638,124,,,348592,37126,369320,44439
Europe,Italy,None,2020-12-02,358771,3802,1150,53813,38644,117,,,348592,37126,369452,44498
Europe,Italy,None,2020-12-03,358801,3601,1103,53817,38650,110,,,348592,37126,369578,44557
Europe,Italy,None,2020-12-04,358828,3410,1056,53822,38655,104,,,348592,37126,369701,44615
Europe,Italy,None,2020-12-05,358853,3227,1012,53825,38660,98,,,348592,37126,369821,44672
Europe,Italy,None,2020-12-06,358875,3054,969,53829,38665,92,,,348592,37126,369937,44728
Europe,Italy,None,2020-12-07,358895,2890,928,53832,38670,87,,,348592,37126,370051,44785
Europe,Italy,None,2020-12-08,358913,2734,889,53834,38674,81,,,348592,37126,370161,44839
Europe,Italy,None,2020-12-09,358929,2585,851,53837,38678,77,,,348592,37126,370269,44894
Europe,Italy,None,2020-12-10,358943,2444,814,53839,38682,72,,,348592,37126,370374,44948
Europe,Italy,None,2020-12-11,358956,2310,779,53841,38685,68,,,348592,37126,370478,45000
Europe,Italy,None,2020-12-12,358968,2184,746,53842,38688,63,,,348592,37126,370579,45052
Europe,Italy,None,2020-12-13,358978,2063,713,53844,38691,60,,,348592,37126,370678,45104
Europe,Italy,None,2020-12-14,358988,1950,682,53845,38694,56,,,348592,37126,370776,45155
Europe,Italy,None,2020-12-15,358996,1842,652,53847,38697,52,,,348592,37126,370872,45206
Europe,None,None,2020-10-08,2113321,290703,56599,316995,134903,10328,515571.0,42369.0,2113321,134903,2113321,134903
Europe,None,None,2020-10-09,2134770,293149,57155,320211,135448,10411,,,2113321,134903,3518010,215800
Europe,None,None,2020-10-10,2156476,295685,57721,323468,136002,10499,,,2113321,134903,4112672,249637
Europe,None,None,2020-10-11,2178497,298362,58308,326770,136568,10591,,,2113321,134903,4574338,275741
Europe,None,None,2020-10-12,2200871,301218,58921,330126,137143,10689,,,2113321,134903,4967350,297846
Europe,None,None,2020-10-13,2223614,304249,59557,333539,137730,10795,,,2113321,134903,5316632,317402
Europe,None,None,2020-10-14,2246728,307439,60219,337005,138329,10907,,,2113321,134903,5634959,335150
Europe,None,None,2020-10-15,2270291,310863,60915,340539,138941,11027,,,2113321,134903,5929999,351532
Europe,None,None,2020-10-16,2294370,314564,61656,344151,139567,11157,,,2113321,134903,6206762,366836
Europe,None,None,2020-10-17,2318985,318547,62440,347843,140207,11299,,,2113321,134903,6468704,381262
Europe,None,None,2020-10-18,2344199,322854,63274,351625,140863,11452,,,2113321,134903,6718387,394957
Europe,None,None,2020-10-19,2370052,327502,64164,355503,141531,11618,,,2113321,134903,6957739,408028
Europe,None,None,2020-10-20,2396555,332479,65104,359479,142219,11796,,,2113321,134903,7188237,420566
Europe,None,None,2020-10-21,2423787,337837,66109,363563,142924,11988,,,2113321,134903,7411128,432636
Europe,None,None,2020-10-22,2451828,343636,67188,367769,143648,12197,,,2113321,134903,7627437,444297
Europe,None,None,2020-10-23,2480719,349890,68338,372103,144390,12420,,,2113321,134903,7837983,455591
Europe,None,None,2020-10-24,2510494,356597,69564,376570,145153,12663,,,2113321,134903,8043452,466560
Europe,None,None,2020-10-25,2541207,363781,70874,381176,145937,12922,,,2113321,134903,8244450,477236
Europe,None,None,2020-10-26,2572880,371432,72260,385927,146747,13200,,,2113321,134903,8441469,487651
Europe,None,None,2020-10-27,2605550,379551,73730,390829,147578,13492,,,2113321,134903,8634952,497823
Europe,None,None,2020-10-28,2639300,388193,75287,395890,148437,13805,,,2113321,134903,8825335,507781
Europe,None,None,2020-10-29,2674166,397363,76936,401121,149317,14135,,,2113321,134903,9012966,517535
Europe,None,None,2020-10-30,2710177,407055,78676,406522,150227,14488,,,2113321,134903,9198146,527110
Europe,None,None,2020-10-31,2747375,417271,80510,412102,151163,14856,,,2113321,134903,9381159,536516
Europe,None,None,2020-11-01,2785790,428015,82437,417863,152130,15245,,,2113321,134903,9562252,545771
Europe,None,None,2020-11-02,2825444,439270,84455,423812,153126,15653,,,2113321,134903,9741642,554885
Europe,None,None,2020-11-03,2866360,451019,86566,429949,154151,16078,,,2113321,134903,9919526,563866
Europe,None,None,2020-11-04,2908605,463316,88775,436286,155207,16524,,,2113321,134903,10096129,572727
Europe,None,None,2020-11-05,2952146,476083,91070,442817,156299,16987,,,2113321,134903,10271562,581480
Europe,None,None,2020-11-06,2996947,489247,93444,449538,157421,17461,,,2113321,134903,10445920,590128
Europe,None,None,2020-11-07,3042997,502769,95890,456445,158580,17950,,,2113321,134903,10619312,598685
Europe,None,None,2020-11-08,3090303,516631,98407,463542,159771,18452,,,2113321,134903,10791855,607150
Europe,None,None,2020-11-09,3138896,530844,100992,470830,160998,18964,,,2113321,134903,10963681,615536
Europe,None,None,2020-11-10,3188815,545433,103655,478317,162260,19491,,,2113321,134903,11134921,623846
Europe,None,None,2020-11-11,3240110,560441,106396,486012,163555,20031,,,2113321,134903,11305713,632082
Europe,None,None,2020-11-12,3292713,575775,109205,493903,164883,20583,,,2113321,134903,11476069,640250
Europe,None,None,2020-11-13,3346466,591242,112054,501966,166248,21141,,,2113321,134903,11645903,648358
Europe,None,None,2020-11-14,3401260,606719,114921,510185,167650,21698,,,2113321,134903,11815178,656410
Europe,None,None,2020-11-15,3457066,622166,117803,518555,169087,22252,,,2113321,134903,11983927,664408
Europe,None,None,2020-11-16,3513906,637621,120703,527080,170558,22805,,,2113321,134903,12152234,672354
Europe,None,None,2020-11-17,3571869,653192,123634,535777,172063,23363,,,2113321,134903,12320244,680252
Europe,None,None,2020-11-18,3630919,668848,126593,544633,173600,23923,,,2113321,134903,12487974,688102
Europe,None,None,2020-11-19,3690807,684329,129539,553616,175167,24474,,,2113321,134903,12655224,695906
Europe,None,None,2020-11-20,3751377,699478,132449,562702,176766,25015,,,2113321,134903,12821886,703668
Europe,None,None,2020-11-21,3812535,714215,135307,571877,178397,25539,,,2113321,134903,12987908,711390
Europe,None,None,2020-11-22,3874257,728544,138116,581135,180057,26048,,,2113321,134903,13153310,719073
Europe,None,None,2020-11-23,3936580,742551,140885,590482,181742,26545,,,2113321,134903,13318167,726714
Europe,None,None,2020-11-24,3999525,756304,143620,599923,183452,27031,,,2113321,134903,13482538,734316
Europe,None,None,2020-11-25,4062846,769564,146287,609424,185185,27498,,,2113321,134903,13646211,741878
Europe,None,None,2020-11-26,4126333,782143,148857,618945,186940,27937,,,2113321,134903,13809010,749402
Europe,None,None,2020-11-27,4189845,793935,151309,628473,188718,28351,,,2113321,134903,13970826,756891
Europe,None,None,2020-11-28,4253303,804911,153640,637991,190512,28733,,,2113321,134903,14131609,764338
Europe,None,None,2020-11-29,4316694,815119,155852,647499,192324,29086,,,2113321,134903,14291376,771749
Europe,None,None,2020-11-30,4380064,824682,157961,657005,194148,29414,,,2113321,134903,14450200,779117
Europe,None,None,2020-12-01,4443337,833584,159965,666496,195980,29718,,,2113321,134903,14608030,786442
Europe,None,None,2020-12-02,4506251,841589,161824,675933,197823,29989,,,2113321,134903,14764630,793727
Europe,None,None,2020-12-03,4568619,848563,163519,685288,199672,30223,,,2113321,134903,14919836,800969
Europe,None,None,2020-12-04,4630324,854444,165038,694545,201524,30415,,,2113321,134903,15073554,808166
Europe,None,None,2020-12-05,4691305,859240,166379,703691,203380,30568,,,2113321,134903,15225744,815321
Europe,None,None,2020-12-06,4751555,863027,167551,712730,205235,30683,,,2113321,134903,15376420,822428
Europe,None,None,2020-12-07,4811134,865951,168574,721666,207085,30766,,,2113321,134903,15525662,829487
Europe,None,None,2020-12-08,4869971,868013,169447,730492,208928,30819,,,2113321,134903,15673417,836495
Europe,None,None,2020-12-09,4927836,869030,170137,739173,210762,30834,,,2113321,134903,15819475,843452
Europe,None,None,2020-12-10,4984595,868920,170634,747686,212585,30806,,,2113321,134903,15963719,850357
Europe,None,None,2020-12-11,5040152,867653,170934,756018,214395,30737,,,2113321,134903,16106069,857209
Europe,None,None,2020-12-12,5094466,865263,171038,764165,216192,30627,,,2113321,134903,16246500,864008
Europe,None,None,2020-12-13,5147540,861825,170954,772126,217970,30479,,,2113321,134903,16385031,870751
Europe,None,None,2020-12-14,5199423,857474,170700,779909,219728,30298,,,2113321,134903,16521727,877435
Europe,None,None,2020-12-15,5250124,852294,170289,787515,221463,30088,,,2113321,134903,16656610,884060
Europe,Portugal,None,2020-10-08,80772,9421,1846,12116,2087,334,,,80772,2087,80772,2087
Europe,Portugal,None,2020-10-09,81383,9422,1852,12207,2096,334,,,80772,2087,92137,2124
Europe,Portugal,None,2020-10-10,81986,9416,1856,12298,2104,334,,,80772,2087,97194,2144
Europe,Portugal,None,2020-10-11,82584,9403,1859,12388,2113,333,,,80772,2087,101210,2162
Europe,Portugal,None,2020-10-12,83176,9387,1862,12476,2122,332,,,80772,2087,104684,2179
Europe,Portugal,None,2020-10-13,83764,9368,1864,12565,2130,331,,,80772,2087,107810,2194
Europe,Portugal,None,2020-10-14,84348,9346,1865,12652,2139,330,,,80772,2087,110689,2209
Europe,Portugal,None,2020-10-15,84927,9322,1865,12739,2147,329,,,80772,2087,113379,2222
Europe,Portugal,None,2020-10-16,85501,9293,1864,12825,2156,328,,,80772,2087,115917,2236
Europe,Portugal,None,2020-10-17,86067,9259,1863,12910,2164,326,,,80772,2087,118328,2249
Europe,Portugal,None,2020-10-18,86628,9222,1860,12994,2173,325,,,80772,2087,120635,2263
Europe,Portugal,None,2020-10-19,87184,9183,1858,13078,2181,323,,,80772,2087,122850,2275
Europe,Portugal,None,2020-10-20,87736,9142,1854,13160,2189,322,,,80772,2091,124988,2287
Europe,Portugal,None,2020-10-21,88284,9101,1850,13243,2198,320,,,80772,2095,127057,2301
Europe,Portugal,None,2020-10-22,88827,9057,1846,13324,2206,318,,,80772,2100,129064,2312
Europe,Portugal,None,2020-10-23,89363,9010,1841,13404,2214,316,,,80772,2104,131012,2324
Europe,Portugal,None,2020-10-24,89894,8960,1835,13484,2222,314,,,80772,2108,132909,2336
Europe,Portugal,None,2020-10-25,90419,8908,1829,13563,2230,312,,,80772,2113,134758,2347
Europe,Portugal,None,2020-10-26,90941,8856,1822,13641,2238,310,,,80772,2117,136566,2359
Europe,Portugal,None,2020-10-27,91458,8803,1816,13719,2246,308,,,80772,2122,138333,2370
Europe,Portugal,None,2020-10-28,91972,8750,1809,13796,2254,306,,,80772,2127,140065,2381
Europe,Portugal,None,2020-10-29,92481,8696,1801,13872,2262,304,,,80772,2132,141761,2392
Europe,Portugal,None,2020-10-30,92984,8640,1793,13948,2270,302,,,80772,2137,143424,2403
Europe,Portugal,None,2020-10-31,93480,8580,1785,14022,2277,300,,,80772,2141,145053,2413
Europe,Portugal,None,2020-11-01,93971,8519,1776,14096,2285,298,,,80772,2146,146654,2424
Europe,Portugal,None,2020-11-02,94458,8459,1766,14169,2293,295,,,80772,2151,148227,2435
Europe,Portugal,None,2020-11-03,94943,8399,1757,14241,2300,293,,,80772,2155,149777,2445
Europe,Portugal,None,2020-11-04,95424,8340,1748,14314,2307,291,,,80772,2159,151302,2455
Europe,Portugal,None,2020-11-05,95901,8282,1739,14385,2315,289,,,80772,2165,152805,2465
Europe,Portugal,None,2020-11-06,96373,8222,1729,14456,2322,286,,,80772,2169,154284,2475
Europe,Portugal,None,2020-11-07,96838,8159,1719,14526,2329,284,,,80772,2173,155739,2485
Europe,Portugal,None,2020-11-08,97296,8094,1708,14594,2336,282,,,80772,2178,157171,2494
Europe,Portugal,None,2020-11-09,97751,8028,1697,14663,2344,279,,,80772,2183,158584,2505
Europe,Portugal,None,2020-11-10,98203,7964,1687,14730,2351,277,,,80772,2188,159979,2514
Europe,Portugal,None,2020-11-11,98652,7903,1676,14798,2358,275,,,80772,2192,161357,2524
Europe,Portugal,None,2020-11-12,99098,7842,1665,14865,2364,272,,,80772,2196,162718,2532
Europe,Portugal,None,2020-11-13,99540,7781,1655,14931,2371,270,,,80772,2200,164063,2542
Europe,Portugal,None,2020-11-14,99974,7716,1643,14996,2378,268,,,80772,2205,165387,2551
Europe,Portugal,None,2020-11-15,100403,7650,1632,15060,2385,266,,,80772,2210,166694,2560
Europe,Portugal,None,2020-11-16,100828,7584,1620,15124,2391,263,,,80772,2213,167986,2569
Europe,Portugal,None,2020-11-17,101250,7520,1608,15188,2398,261,,,80772,2218,169263,2578
Europe,Portugal,None,2020-11-18,101670,7457,1597,15250,2405,259,,,80772,2223,170528,2587
Europe,Portugal,None,2020-11-19,102085,7395,1585,15313,2411,256,,,80772,2227,171778,2595
Europe,Portugal,None,2020-11-20,102496,7332,1574,15374,2417,254,,,80772,2231,173013,2603
Europe,Portugal,None,2020-11-21,102901,7267,1562,15435,2424,252,,,80772,2235,174234,2613
Europe,Portugal,None,2020-11-22,103302,7202,1550,15495,2430,249,,,80772,2239,175441,2621
Europe,Portugal,None,2020-11-23,103700,7138,1538,15555,2436,247,,,80772,2243,176636,2629
Europe,Portugal,None,2020-11-24,104094,7076,1526,15614,2442,245,,,80772,2247,177818,2637
Europe,Portugal,None,2020-11-25,104485,7014,1514,15673,2448,243,,,80772,2251,178990,2645
Europe,Portugal,None,2020-11-26,104872,6951,1502,15731,2454,240,,,80772,2255,180149,2653
Europe,Portugal,None,2020-11-27,105254,6888,1490,15788,2460,238,,,80772,2259,181295,2661
Europe,Portugal,None,2020-11-28,105632,6825,1478,15845,2466,236,,,80772,2263,182430,2669
Europe,Portugal,None,2020-11-29,106007,6762,1466,15901,2472,234,,,80772,2267,183554,2677
Europe,Portugal,None,2020-11-30,106378,6700,1454,15957,2478,231,,,80772,2271,184667,2685
Europe,Portugal,None,2020-12-01,106746,6640,1442,16012,2483,229,,,80772,2274,185770,2692
Europe,Portugal,None,2020-12-02,107111,6579,1430,16067,2489,227,,,80772,2278,186863,2700
Europe,Portugal,None,2020-12-03,107471,6519,1418,16121,2495,225,,,80772,2282,187945,2708
Europe,Portugal,None,2020-12-04,107827,6457,1406,16174,2500,223,,,80772,2285,189017,2715
Europe,Portugal,None,2020-12-05,108179,6396,1394,16227,2506,221,,,80772,2289,190078,2723
Europe,Portugal,None,2020-12-06,108528,6335,1381,16279,2511,219,,,80772,2293,191130,2729
Europe,Portugal,None,2020-12-07,108874,6275,1369,16331,2516,216,,,80772,2296,192173,2736
Europe,Portugal,None,2020-12-08,109217,6217,1358,16383,2522,214,,,80772,2300,193207,2744
Europe,Portugal,None,2020-12-09,109557,6160,1346,16434,2527,212,,,80772,2303,194233,2751
Europe,Portugal,None,2020-12-10,109894,6103,1334,16484,2532,210,,,80772,2306,195250,2758
Europe,Portugal,None,2020-12-11,110226,6044,1323,16534,2537,208,,,80772,2310,196257,2764
Europe,Portugal,None,2020-12-12,110554,5986,1311,16583,2542,206,,,80772,2313,197254,2771
Europe,Portugal,None,2020-12-13,110879,5928,1299,16632,2547,204,,,80772,2316,198243,2778
Europe,Portugal,None,2020-12-14,111200,5870,1287,16680,2552,202,,,80772,2319,199224,2785
Europe,Portugal,None,2020-12-15,111519,5813,1276,16728,2557,200,,,80772,2323,200197,2791
Europe,Spain,None,2020-10-08,822944,137277,27775,123442,36913,4831,,,822944,36913,822944,36913
Europe,Spain,None,2020-10-09,829647,135187,27496,124447,37104,4751,,,822944,36913,866426,40364
Europe,Spain,None,2020-10-10,836027,132912,27181,125404,37292,4665,,,822944,36913,888040,41903
Europe,Spain,None,2020-10-11,842102,130483,26836,126315,37477,4573,,,822944,36913,905805,43124
Europe,Spain,None,2020-10-12,847899,127941,26466,127185,37657,4477,,,822944,36913,921457,44178
Europe,Spain,None,2020-10-13,853437,125311,26075,128016,37834,4378,,,822944,36913,935677,45124
Europe,Spain,None,2020-10-14,858719,122607,25665,128808,38007,4277,,,822944,36913,948808,45993
Europe,Spain,None,2020-10-15,863739,119826,25236,129561,38175,4173,,,822944,36913,961047,46801
Europe,Spain,None,2020-10-16,868482,116954,24786,130272,38339,4066,,,822944,36913,972508,47561
Europe,Spain,None,2020-10-17,872922,113965,24311,130938,38499,3955,,,822944,36913,983259,48280
Europe,Spain,None,2020-10-18,877091,110899,23818,131564,38655,3842,,,822944,36913,993396,48965
Europe,Spain,None,2020-10-19,881021,107796,23312,132153,38806,3727,,,822944,36913,1003003,49619
Europe,Spain,None,2020-10-20,884731,104678,22796,132710,38953,3612,,,822944,36913,1012137,50247
Europe,Spain,None,2020-10-21,888228,101555,22274,133234,39095,3498,,,822944,36913,1020836,50850
Europe,Spain,None,2020-10-22,891512,98426,21744,133727,39232,3383,,,822944,36913,1029126,51431
Europe,Spain,None,2020-10-23,894572,95278,21206,134186,39365,3268,,,822944,36913,1037016,51992
Europe,Spain,None,2020-10-24,897403,92104,20658,134611,39493,3152,,,822944,36913,1044518,52534
Europe,Spain,None,2020-10-25,900040,88940,20107,135006,39617,3037,,,822944,36913,1051683,53060
Europe,Spain,None,2020-10-26,902500,85805,19554,135375,39737,2923,,,822944,36913,1058540,53569
Europe,Spain,None,2020-10-27,904794,82709,19003,135719,39852,2811,,,822944,36913,1065109,54063
Europe,Spain,None,2020-10-28,906928,79654,18453,136039,39963,2700,,,822944,36913,1071408,54543
Europe,Spain,None,2020-10-29,908904,76639,17905,136336,40069,2591,,,822944,36913,1077446,55010
Europe,Spain,None,2020-10-30,910719,73658,17359,136608,40171,2484,,,822944,36913,1083227,55463
Europe,Spain,None,2020-10-31,912391,70724,16816,136859,40269,2378,,,822944,36913,1088776,55905
Europe,Spain,None,2020-11-01,913935,67851,16279,137090,40363,2275,,,822944,36913,1094114,56335
Europe,Spain,None,2020-11-02,915361,65044,15749,137304,40453,2175,,,822944,36913,1099255,56754
Europe,Spain,None,2020-11-03,916677,62308,15227,137502,40539,2077,,,822944,36913,1104213,57163
Europe,Spain,None,2020-11-04,917886,59642,14714,137683,40621,1982,,,822944,36913,1108995,57562
Europe,Spain,None,2020-11-05,918990,57040,14208,137849,40700,1890,,,822944,36913,1113605,57952
Europe,Spain,None,2020-11-06,919996,54505,13711,137999,40775,1800,,,822944,36913,1118056,58332
Europe,Spain,None,2020-11-07,920915,52045,13223,138137,40847,1713,,,822944,36913,1122361,58704
Europe,Spain,None,2020-11-08,921757,49664,12747,138264,40915,1629,,,822944,36913,1126533,59068
Europe,Spain,None,2020-11-09,922528,47364,12281,138379,40980,1548,,,822944,36913,1130581,59423
Europe,Spain,None,2020-11-10,923232,45144,11828,138485,41042,1470,,,822944,36913,1134510,59771
Europe,Spain,None,2020-11-11,923873,43001,11385,138581,41101,1395,,,822944,36913,1138329,60112
Europe,Spain,None,2020-11-12,924450,40931,10953,138668,41157,1323,,,822944,36913,1142037,60445
Europe,Spain,None,2020-11-13,924973,38936,10533,138746,41210,1253,,,822944,36913,1145646,60772
Europe,Spain,None,2020-11-14,925447,37018,10125,138817,41260,1186,,,822944,36913,1149164,61092
Europe,Spain,None,2020-11-15,925878,35178,9729,138882,41308,1123,,,822944,36913,1152598,61406
Europe,Spain,None,2020-11-16,926270,33415,9345,138940,41354,1062,,,822944,36913,1155954,61715
Europe,Spain,None,2020-11-17,926625,31727,8974,138994,41397,1004,,,822944,36913,1159235,62017
Europe,Spain,None,2020-11-18,926944,30108,8613,139042,41438,948,,,822944,36913,1162444,62314
Europe,Spain,None,2020-11-19,927230,28557,8265,139084,41477,895,,,822944,36913,1165584,62606
Europe,Spain,None,2020-11-20,927487,27075,7928,139123,41513,845,,,822944,36913,1168662,62892
Europe,Spain,None,2020-11-21,927718,25660,7602,139158,41548,797,,,822944,36913,1171681,63174
Europe,Spain,None,2020-11-22,927928,24311,7288,139189,41581,751,,,822944,36913,1174648,63452
Europe,Spain,None,2020-11-23,928117,23026,6986,139217,41612,708,,,822944,36913,1177563,63724
Europe,Spain,None,2020-11-24,928286,21802,6694,139243,41641,667,,,822944,36913,1180429,63992
Europe,Spain,None,2020-11-25,928438,20635,6413,139266,41669,627,,,822944,36913,1183249,64257
Europe,Spain,None,2020-11-26,928572,19524,6142,139286,41695,590,,,822944,36913,1186024,64517
Europe,Spain,None,2020-11-27,928693,18468,5881,139304,41720,555,,,822944,36913,1188759,64774
Europe,Spain,None,2020-11-28,928801,17465,5631,139320,41743,522,,,822944,36913,1191455,65026
Europe,Spain,None,2020-11-29,928899,16513,5390,139335,41765,491,,,822944,36913,1194115,65275
Europe,Spain,None,2020-11-30,928986,15610,5158,139348,41786,461,,,822944,36913,1196740,65521
Europe,Spain,None,2020-12-01,929063,14753,4936,139360,41805,433,,,822944,36913,1199331,65763
Europe,Spain,None,2020-12-02,929132,13940,4722,139370,41824,407,,,822944,36913,1201891,66003
Europe,Spain,None,2020-12-03,929193,13169,4517,139379,41841,382,,,822944,36913,1204421,66239
Europe,Spain,None,2020-12-04,929248,12439,4321,139387,41857,358,,,822944,36913,1206922,66472
Europe,Spain,None,2020-12-05,929297,11748,4132,139394,41873,336,,,822944,36913,1209396,66703
Europe,Spain,None,2020-12-06,929340,11094,3951,139401,41887,315,,,822944,36913,1211844,66930
Europe,Spain,None,2020-12-07,929379,10475,3778,139407,41901,295,,,822944,36913,1214267,67155
Europe,Spain,None,2020-12-08,929413,9890,3612,139412,41914,277,,,822944,36913,1216665,67378
Europe,Spain,None,2020-12-09,929444,9336,3453,139417,41926,260,,,822944,36913,1219041,67598
Europe,Spain,None,2020-12-10,929471,8813,3300,139421,41937,243,,,822944,36913,1221394,67815
Europe,Spain,None,2020-12-11,929494,8318,3154,139424,41948,228,,,822944,36913,1223725,68030
Europe,Spain,None,2020-12-12,929516,7850,3015,139427,41958,213,,,822944,36913,1226037,68243
Europe,Spain,None,2020-12-13,929535,7409,2881,139430,41968,200,,,822944,36913,1228328,68455
Europe,Spain,None,2020-12-14,929551,6992,2753,139433,41977,187,,,822944,36913,1230599,68664
Europe,Spain,None,2020-12-15,929566,6599,2630,139435,41985,175,,,822944,36913,1232852,68870
Europe,Switzerland,None,2020-10-08,54499,4079,877,8174,2236,141,,,54499,2236,54499,2236
Europe,Switzerland,None,2020-10-09,54640,3961,858,8195,2240,137,,,54499,2236,61973,2286
Europe,Switzerland,None,2020-10-10,54770,3840,838,8215,2244,132,,,54499,2236,65140,2309
Europe,Switzerland,None,2020-10-11,54891,3718,818,8233,2248,128,,,54499,2236,67591,2328
Europe,Switzerland,None,2020-10-12,55005,3596,797,8250,2251,123,,,54499,2236,69670,2343
Europe,Switzerland,None,2020-10-13,55110,3474,776,8266,2255,119,,,54499,2236,71506,2358
Europe,Switzerland,None,2020-10-14,55208,3353,755,8280,2258,115,,,54499,2236,73169,2371
Europe,Switzerland,None,2020-10-15,55298,3232,734,8294,2262,110,,,54499,2236,74698,2384
Europe,Switzerland,None,2020-10-16,55382,3112,713,8306,2265,106,,,54499,2236,76122,2395
Europe,Switzerland,None,2020-10-17,55458,2993,692,8318,2268,102,,,54499,2236,77456,2406
Europe,Switzerland,None,2020-10-18,55529,2876,671,8328,2271,97,,,54499,2236,78716,2417
Europe,Switzerland,None,2020-10-19,55594,2760,650,8338,2273,93,,,54499,2236,79913,2426
Europe,Switzerland,None,2020-10-20,55654,2648,629,8347,2276,89,,,54499,2236,81055,2436
Europe,Switzerland,None,2020-10-21,55709,2537,609,8355,2278,85,,,54499,2236,82147,2444
Europe,Switzerland,None,2020-10-22,55760,2429,589,8363,2281,81,,,54499,2236,83196,2453
Europe,Switzerland,None,2020-10-23,55805,2323,569,8370,2283,77,,,54499,2236,84204,2461
Europe,Switzerland,None,2020-10-24,55847,2220,549,8376,2285,74,,,54499,2236,85177,2469
Europe,Switzerland,None,2020-10-25,55885,2120,530,8382,2287,70,,,54499,2236,86118,2477
Europe,Switzerland,None,2020-10-26,55919,2023,511,8387,2289,67,,,54499,2236,87028,2484
Europe,Switzerland,None,2020-10-27,55951,1929,492,8392,2291,63,,,54499,2236,87913,2492
Europe,Switzerland,None,2020-10-28,55980,1838,474,8396,2293,60,,,54499,2236,88772,2499
Europe,Switzerland,None,2020-10-29,56006,1750,456,8400,2294,57,,,54499,2236,89608,2505
Europe,Switzerland,None,2020-10-30,56029,1665,439,8403,2296,54,,,54499,2236,90422,2512
Europe,Switzerland,None,2020-10-31,56050,1583,422,8407,2297,51,,,54499,2236,91216,2518
Europe,Switzerland,None,2020-11-01,56069,1505,406,8409,2299,48,,,54499,2236,91991,2525
Europe,Switzerland,None,2020-11-02,56086,1430,390,8412,2300,46,,,54499,2236,92749,2530
Europe,Switzerland,None,2020-11-03,56102,1357,375,8414,2301,43,,,54499,2236,93491,2536
Europe,Switzerland,None,2020-11-04,56116,1288,360,8416,2302,41,,,54499,2236,94217,2541
Europe,Switzerland,None,2020-11-05,56128,1222,345,8418,2303,39,,,54499,2236,94928,2547
Europe,Switzerland,None,2020-11-06,56140,1158,331,8420,2304,36,,,54499,2236,95627,2552
Europe,Switzerland,None,2020-11-07,56150,1097,318,8422,2305,34,,,54499,2236,96312,2557
Europe,Switzerland,None,2020-11-08,56159,1039,305,8423,2306,32,,,54499,2236,96985,2562
Europe,Switzerland,None,2020-11-09,56167,984,292,8424,2307,31,,,54499,2236,97646,2568
Europe,Switzerland,None,2020-11-10,56174,932,280,8425,2308,29,,,54499,2236,98296,2573
Europe,Switzerland,None,2020-11-11,56181,882,268,8426,2309,27,,,54499,2236,98937,2578
Europe,Switzerland,None,2020-11-12,56186,834,257,8427,2309,25,,,54499,2236,99566,2582
Europe,Switzerland,None,2020-11-13,56192,789,246,8428,2310,24,,,54499,2236,100187,2586
Europe,Switzerland,None,2020-11-14,56196,745,235,8429,2311,23,,,54499,2236,100798,2591
Europe,Switzerland,None,2020-11-15,56200,705,225,8429,2311,21,,,54499,2236,101401,2595
Europe,Switzerland,None,2020-11-16,56204,666,216,8430,2312,20,,,54499,2236,101996,2600
Europe,Switzerland,None,2020-11-17,56207,629,206,8430,2312,19,,,54499,2236,102582,2603
Europe,Switzerland,None,2020-11-18,56210,594,198,8431,2313,17,,,54499,2236,103161,2608
Europe,Switzerland,None,2020-11-19,56213,561,189,8431,2313,16,,,54499,2236,103733,2612
Europe,Switzerland,None,2020-11-20,56215,530,181,8431,2314,15,,,54499,2236,104298,2616
Europe,Switzerland,None,2020-11-21,56217,500,173,8432,2314,14,,,54499,2236,104855,2620
Europe,Switzerland,None,2020-11-22,56219,472,165,8432,2314,14,,,54499,2236,105407,2623
Europe,Switzerland,None,2020-11-23,56220,446,158,8432,2315,13,,,54499,2236,105952,2627
Europe,Switzerland,None,2020-11-24,56222,421,151,8432,2315,12,,,54499,2236,106491,2631
Europe,Switzerland,None,2020-11-25,56223,397,144,8433,2315,11,,,54499,2236,107024,2634
Europe,Switzerland,None,2020-11-26,56224,375,138,8433,2316,10,,,54499,2236,107552,2638
Europe,Switzerland,None,2020-11-27,56225,353,132,8433,2316,10,,,54499,2236,108074,2642
Europe,Switzerland,None,2020-11-28,56226,333,126,8433,2316,9,,,54499,2236,108591,2645
Europe,Switzerland,None,2020-11-29,56227,315,121,8433,2316,9,,,54499,2236,109103,2648
Europe,Switzerland,None,2020-11-30,56227,297,115,8433,2317,8,,,54499,2236,109609,2652
Europe,Switzerland,None,2020-12-01,56228,280,110,8433,2317,7,,,54499,2236,110111,2656
Europe,Switzerland,None,2020-12-02,56229,264,105,8433,2317,7,,,54499,2236,110608,2659
Europe,Switzerland,None,2020-12-03,56229,249,100,8433,2317,7,,,54499,2236,111101,2662
Europe,Switzerland,None,2020-12-04,56229,235,96,8434,2317,6,,,54499,2236,111588,2665
Europe,Switzerland,None,2020-12-05,56230,222,92,8434,2317,6,,,54499,2236,112073,2668
Europe,Switzerland,None,2020-12-06,56230,209,88,8434,2318,5,,,54499,2236,112552,2672
Europe,Switzerland,None,2020-12-07,56230,197,84,8434,2318,5,,,54499,2236,113028,2675
Europe,Switzerland,None,2020-12-08,56231,186,80,8434,2318,5,,,54499,2236,113500,2678
Europe,Switzerland,None,2020-12-09,56231,176,76,8434,2318,4,,,54499,2236,113967,2681
Europe,Switzerland,None,2020-12-10,56231,166,73,8434,2318,4,,,54499,2236,114431,2684
Europe,Switzerland,None,2020-12-11,56231,156,70,8434,2318,4,,,54499,2236,114891,2687
Europe,Switzerland,None,2020-12-12,56231,148,66,8434,2318,4,,,54499,2236,115348,2689
Europe,Switzerland,None,2020-12-13,56231,139,64,8434,2318,3,,,54499,2236,115801,2692
Europe,Switzerland,None,2020-12-14,56232,131,61,8434,2318,3,,,54499,2236,116251,2695
Europe,Switzerland,None,2020-12-15,56232,124,58,8434,2318,3,,,54499,2236,116698,2698
Europe,United Kingdom,None,2020-10-08,504718,90709,16187,75708,45874,3288,515571.0,42369.0,504718,45874,504718,45874
Europe,United Kingdom,None,2020-10-09,516029,95848,17093,77404,46138,3474,,,504718,45874,548822,48031
Europe,United Kingdom,None,2020-10-10,528022,101322,18058,79203,46415,3673,,,504718,45874,574399,49092
Europe,United Kingdom,None,2020-10-11,540735,107148,19084,81110,46708,3885,,,504718,45874,597535,49987
Europe,United Kingdom,None,2020-10-12,554183,113319,20171,83127,47016,4109,,,504718,45874,619770,50802
Europe,United Kingdom,None,2020-10-13,568359,119800,21314,85254,47341,4345,,,504718,45874,641687,51574
Europe,United Kingdom,None,2020-10-14,583258,126557,22510,87489,47683,4590,,,504718,45874,663585,52320
Europe,United Kingdom,None,2020-10-15,598968,133661,23768,89845,48044,4848,,,512205,45874,685731,53052
Europe,United Kingdom,None,2020-10-16,615566,141172,25099,92335,48424,5121,,,522812,45874,708320,53778
Europe,United Kingdom,None,2020-10-17,633105,149118,26506,94966,48824,5409,,,534725,45874,731485,54503
Europe,United Kingdom,None,2020-10-18,651613,157501,27991,97742,49245,5714,,,547911,45874,755315,55231
Europe,United Kingdom,None,2020-10-19,671095,166293,29550,100664,49687,6033,,,562332,45874,779858,55965
Europe,United Kingdom,None,2020-10-20,691538,175447,31177,103731,50153,6365,,,577939,45874,805137,56710
Europe,United Kingdom,None,2020-10-21,713008,185004,32878,106951,50643,6711,,,594770,45874,831246,57468
Europe,United Kingdom,None,2020-10-22,735587,195022,34664,110338,51158,7075,,,612886,45874,858288,58241
Europe,United Kingdom,None,2020-10-23,759328,205529,36537,113899,51698,7455,,,632320,45874,886336,59029
Europe,United Kingdom,None,2020-10-24,784267,216529,38500,117640,52265,7854,,,653094,45874,915440,59837
Europe,United Kingdom,None,2020-10-25,810422,228007,40551,121563,52860,8270,,,675212,45874,945632,60665
Europe,United Kingdom,None,2020-10-26,837793,239927,42685,125669,53485,8702,,,698663,45874,976923,61516
Europe,United Kingdom,None,2020-10-27,866397,252273,44901,129960,54139,9149,,,723454,45888,1009340,62390
Europe,United Kingdom,None,2020-10-28,896308,265095,47205,134446,54825,9613,,,749652,46360,1042964,63290
Europe,United Kingdom,None,2020-10-29,927564,278400,49601,139135,55542,10094,,,777286,46867,1077842,64217
Europe,United Kingdom,None,2020-10-30,960196,292189,52087,144029,56292,10593,,,806382,47413,1114010,65171
Europe,United Kingdom,None,2020-10-31,994225,306453,54663,149134,57076,11108,,,836954,47998,1151496,66154
Europe,United Kingdom,None,2020-11-01,1029662,321173,57327,154449,57895,11640,,,869008,48622,1190316,67168
Europe,United Kingdom,None,2020-11-02,1066513,336322,60076,159977,58749,12187,,,902546,49284,1230480,68214
Europe,United Kingdom,None,2020-11-03,1104784,351878,62905,165718,59639,12749,,,937570,49987,1271998,69291
Europe,United Kingdom,None,2020-11-04,1144542,367888,65823,171681,60566,13326,,,974143,50730,1314941,70402
Europe,United Kingdom,None,2020-11-05,1185750,384286,68819,177862,61531,13918,,,1012224,51515,1359276,71547
Europe,United Kingdom,None,2020-11-06,1228366,400998,71882,184255,62534,14520,,,1051768,52340,1404964,72728
Europe,United Kingdom,None,2020-11-07,1272366,417977,75007,190855,63577,15131,,,1092749,53209,1451983,73945
Europe,United Kingdom,None,2020-11-08,1317746,435198,78188,197662,64658,15750,,,1135160,54119,1500332,75197
Europe,United Kingdom,None,2020-11-09,1364519,452664,81426,204678,65779,16378,,,1179012,55071,1550026,76487
Europe,United Kingdom,None,2020-11-10,1412720,470399,84724,211908,66940,17015,,,1224337,56066,1601103,77814
Europe,United Kingdom,None,2020-11-11,1462394,488448,88088,219359,68139,17663,,,1271178,57101,1653610,79177
Europe,United Kingdom,None,2020-11-12,1513472,506726,91504,227021,69377,18319,,,1319464,58178,1707480,80576
Europe,United Kingdom,None,2020-11-13,1565785,525039,94944,234868,70654,18975,,,1369025,59296,1762545,82012
Europe,United Kingdom,None,2020-11-14,1619224,543265,98390,242884,71972,19627,,,1419750,60458,1818698,83486
Europe,United Kingdom,None,2020-11-15,1673744,561358,101833,251062,73329,20273,,,1471592,61660,1875896,84998
Europe,United Kingdom,None,2020-11-16,1729363,579355,105278,259404,74723,20915,,,1524569,62902,1934157,86544
Europe,United Kingdom,None,2020-11-17,1786165,597367,108739,267925,76155,21557,,,1578762,64183,1993568,88127
Europe,United Kingdom,None,2020-11-18,1844108,615367,112211,276616,77621,22198,,,1634128,65500,2054088,89742
Europe,United Kingdom,None,2020-11-19,1902947,633101,115655,285442,79123,22828,,,1690422,66855,2115472,91391
Europe,United Kingdom,None,2020-11-20,1962518,650411,119048,294378,80659,23442,,,1747478,68246,2177558,93072
Europe,United Kingdom,None,2020-11-21,2022724,667219,122376,303409,82230,24037,,,1805198,69674,2240250,94786
Europe,United Kingdom,None,2020-11-22,2083531,683530,125637,312530,83832,24613,,,1863547,71134,2303515,96530
Europe,United Kingdom,None,2020-11-23,2144975,699428,128843,321746,85463,25173,,,1922560,72625,2367390,98301
Europe,United Kingdom,None,2020-11-24,2207076,714987,132000,331061,87121,25720,,,1982256,74144,2431896,100098
Europe,United Kingdom,None,2020-11-25,2269585,729975,135075,340438,88805,26246,,,2042386,75690,2496784,101920
Europe,United Kingdom,None,2020-11-26,2332292,744206,138038,349844,90513,26743,,,2102739,77262,2561845,103764
Europe,United Kingdom,None,2020-11-27,2395052,757576,140871,359258,92245,27208,,,2163168,78860,2626936,105630
Europe,United Kingdom,None,2020-11-28,2457783,770057,143568,368668,93997,27639,,,2223592,80479,2691974,107515
Europe,United Kingdom,None,2020-11-29,2520468,781697,146133,378070,95768,28040,,,2283992,82118,2756944,109418
Europe,United Kingdom,None,2020-11-30,2583153,792624,148584,387473,97552,28414,,,2344414,83771,2821892,111333
Europe,United Kingdom,None,2020-12-01,2645761,802823,150914,396864,99348,28761,,,2404780,85438,2886742,113258
Europe,United Kingdom,None,2020-12-02,2708027,812064,153089,406204,101155,29072,,,2464825,87117,2951229,115193
Europe,United Kingdom,None,2020-12-03,2769767,820217,155088,415465,102970,29344,,,2524364,88805,3015170,117135
Europe,United Kingdom,None,2020-12-04,2830860,827220,156899,424629,104792,29573,,,2583276,90501,3078444,119083
Europe,United Kingdom,None,2020-12-05,2891241,833083,158521,433686,106617,29760,,,2641494,92201,3140988,121033
Europe,United Kingdom,None,2020-12-06,2950906,837884,159964,442636,108442,29908,,,2699016,93902,3202796,122982
Europe,United Kingdom,None,2020-12-07,3009910,841771,161247,451486,110264,30023,,,2755894,95601,3263926,124927
Europe,United Kingdom,None,2020-12-08,3068184,844748,162368,460228,112080,30105,,,2812060,97296,3324308,126864
Europe,United Kingdom,None,2020-12-09,3125498,846634,163299,468825,113889,30147,,,2867283,98984,3383713,128794
Europe,United Kingdom,None,2020-12-10,3181715,847350,164028,477257,115688,30147,,,2921426,100663,3442004,130713
Europe,United Kingdom,None,2020-12-11,3236742,846872,164548,485511,117476,30102,,,2974395,102333,3499089,132619
Europe,United Kingdom,None,2020-12-12,3290534,845228,164864,493580,119250,30016,,,3026146,103989,3554922,134511
Europe,United Kingdom,None,2020-12-13,3343094,842501,164985,501464,121007,29890,,,3076680,105629,3609508,136385
Europe,United Kingdom,None,2020-12-14,3394472,838826,164928,509171,122744,29731,,,3126047,107250,3662897,138238
Europe,United Kingdom,None,2020-12-15,3444674,834287,164706,516701,124460,29540,,,3174253,108850,3715095,140070
None,None,None,2020-10-08,2113321,290703,56599,316995,134903,10328,515571.0,42369.0,2113321,134903,2113321,134903
None,None,None,2020-10-09,2134770,293149,57155,320211,135448,10411,,,2113321,134903,22769739,745149
None,None,None,2020-10-10,2156476,295685,57721,323468,136002,10499,,,2113321,134903,31338729,998250
None,None,None,2020-10-11,2178497,298362,58308,326770,136568,10591,,,2113321,134903,37919312,1192602
None,None,None,2020-10-12,2200871,301218,58921,330126,137143,10689,,,2113321,134903,43470809,1356546
None,None,None,2020-10-13,2223614,304249,59557,333539,137730,10795,,,2113321,134903,48364808,1501064
None,None,None,2020-10-14,2246728,307439,60219,337005,138329,10907,,,2113321,134903,52791873,1631786
None,None,None,2020-10-15,2270291,310863,60915,340539,138941,11027,,,2113321,134903,56865288,1752059
None,None,None,2020-10-16,2294370,314564,61656,344151,139567,11157,,,2113321,134903,60658876,1864063
None,None,None,2020-10-17,2318985,318547,62440,347843,140207,11299,,,2113321,134903,64223892,1969311
None,None,None,2020-10-18,2344199,322854,63274,351625,140863,11452,,,2113321,134903,67597701,2068908
None,None,None,2020-10-19,2370052,327502,64164,355503,141531,11618,,,2113321,134903,70808502,2163682
None,None,None,2020-10-20,2396555,332479,65104,359479,142219,11796,,,2113321,134903,73878185,2254287
None,None,None,2020-10-21,2423787,337837,66109,363563,142924,11988,,,2113321,134903,76824226,2341234
None,None,None,2020-10-22,2451828,343636,67188,367769,143648,12197,,,2113321,134903,79660813,2424942
None,None,None,2020-10-23,2480719,349890,68338,372103,144390,12420,,,2113321,134903,82399611,2505753
None,None,None,2020-10-24,2510494,356597,69564,376570,145153,12663,,,2113321,134903,85050370,2583959
None,None,None,2020-10-25,2541207,363781,70874,381176,145937,12922,,,2113321,134903,87621364,2659800
None,None,None,2020-10-26,2572880,371432,72260,385927,146747,13200,,,2113321,134903,90119640,2733491
None,None,None,2020-10-27,2605550,379551,73730,390829,147578,13492,,,2113321,134903,92551295,2805205
None,None,None,2020-10-28,2639300,388193,75287,395890,148437,13805,,,2113321,134903,94921687,2875105
None,None,None,2020-10-29,2674166,397363,76936,401121,149317,14135,,,2113321,134903,97235474,2943320
None,None,None,2020-10-30,2710177,407055,78676,406522,150227,14488,,,2113321,134903,99496761,3009980
None,None,None,2020-10-31,2747375,417271,80510,412102,151163,14856,,,2113321,134903,101709210,3075188
None,None,None,2020-11-01,2785790,428015,82437,417863,152130,15245,,,2113321,134903,103876080,3139045
None,None,None,2020-11-02,2825444,439270,84455,423812,153126,15653,,,2113321,134903,106000290,3201633
None,None,None,2020-11-03,2866360,451019,86566,429949,154151,16078,,,2113321,134903,108084470,3263030
None,None,None,2020-11-04,2908605,463316,88775,436286,155207,16524,,,2113321,134903,110131050,3323308
None,None,None,2020-11-05,2952146,476083,91070,442817,156299,16987,,,2113321,134903,112142139,3382536
None,None,None,2020-11-06,2996947,489247,93444,449538,157421,17461,,,2113321,134903,114119656,3440764
None,None,None,2020-11-07,3042997,502769,95890,456445,158580,17950,,,2113321,134903,116065378,3498052
None,None,None,2020-11-08,3090303,516631,98407,463542,159771,18452,,,2113321,134903,117980949,3554445
None,None,None,2020-11-09,3138896,530844,100992,470830,160998,18964,,,2113321,134903,119867909,3609990
None,None,None,2020-11-10,3188815,545433,103655,478317,162260,19491,,,2113321,134903,121727688,3664728
None,None,None,2020-11-11,3240110,560441,106396,486012,163555,20031,,,2113321,134903,123561622,3718695
None,None,None,2020-11-12,3292713,575775,109205,493903,164883,20583,,,2113321,134903,125370837,3771925
None,None,None,2020-11-13,3346466,591242,112054,501966,166248,21141,,,2113321,134903,127156281,3824456
None,None,None,2020-11-14,3401260,606719,114921,510185,167650,21698,,,2113321,134903,128918877,3876319
None,None,None,2020-11-15,3457066,622166,117803,518555,169087,22252,,,2113321,134903,130659559,3927539
None,None,None,2020-11-16,3513906,637621,120703,527080,170558,22805,,,2113321,134903,132379247,3978142
None,None,None,2020-11-17,3571869,653192,123634,535777,172063,23363,,,2113321,134903,134078873,4028153
None,None,None,2020-11-18,3630919,668848,126593,544633,173600,23923,,,2113321,134903,135759190,4077594
None,None,None,2020-11-19,3690807,684329,129539,553616,175167,24474,,,2113321,134903,137420691,4126484
None,None,None,2020-11-20,3751377,699478,132449,562702,176766,25015,,,2113321,134903,139063918,4174846
None,None,None,2020-11-21,3812535,714215,135307,571877,178397,25539,,,2113321,134903,140689435,4222699
None,None,None,2020-11-22,3874257,728544,138116,581135,180057,26048,,,2113321,134903,142297838,4270058
None,None,None,2020-11-23,3936580,742551,140885,590482,181742,26545,,,2113321,134903,143889750,4316938
None,None,None,2020-11-24,3999525,756304,143620,599923,183452,27031,,,2113321,134903,145465746,4363354
None,None,None,2020-11-25,4062846,769564,146287,609424,185185,27498,,,2113321,134903,147026106,4409320
None,None,None,2020-11-26,4126333,782143,148857,618945,186940,27937,,,2113321,134903,148571117,4454850
None,None,None,2020-11-27,4189845,793935,151309,628473,188718,28351,,,2113321,134903,150101111,4499958
None,None,None,2020-11-28,4253303,804911,153640,637991,190512,28733,,,2113321,134903,151616458,4544651
None,None,None,2020-11-29,4316694,815119,155852,647499,192324,29086,,,2113321,134903,153117572,4588943
None,None,None,2020-11-30,4380064,824682,157961,657005,194148,29414,,,2113321,134903,154604907,4632841
None,None,None,2020-12-01,4443337,833584,159965,666496,195980,29718,,,2113321,134903,156078773,4676352
None,None,None,2020-12-02,4506251,841589,161824,675933,197823,29989,,,2113321,134903,157539278,4719490
None,None,None,2020-12-03,4568619,848563,163519,685288,199672,30223,,,2113321,134903,158986588,4762260
None,None,None,2020-12-04,4630324,854444,165038,694545,201524,30415,,,2113321,134903,160420924,4804669
None,None,None,2020-12-05,4691305,859240,166379,703691,203380,30568,,,2113321,134903,161842548,4846728
None,None,None,2020-12-06,4751555,863027,167551,712730,205235,30683,,,2113321,134903,163251760,4888440
None,None,None,2020-12-07,4811134,865951,168574,721666,207085,30766,,,2113321,134903,164648917,4929812
None,None,None,2020-12-08,4869971,868013,169447,730492,208928,30819,,,2113321,134903,166034232,4970848
None,None,None,2020-12-09,4927836,869030,170137,739173,210762,30834,,,2113321,134903,167407745,5011556
None,None,None,2020-12-10,4984595,868920,170634,747686,212585,30806,,,2113321,134903,168769585,5051940
None,None,None,2020-12-11,5040152,867653,170934,756018,214395,30737,,,2113321,134903,170119905,5092006
None,None,None,2020-12-12,5094466,865263,171038,764165,216192,30627,,,2113321,134903,171458906,5131762
None,None,None,2020-12-13,5147540,861825,170954,772126,217970,30479,,,2113321,134903,172786822,5171208
None,None,None,2020-12-14,5199423,857474,170700,779909,219728,30298,,,2113321,134903,174103925,5210349
None,None,None,2020-12-15,5250124,852294,170289,787515,221463,30088,,,2113321,134903,175410438,5249190
