Continent,Country,Province,Data Start Date,MAPE,Infection Rate,Median Day of Action,Rate of Action,Rate of Death,Mortality Rate,Rate of Mortality Rate Decay,Internal Parameter 1,Internal Parameter 2,Jump Magnitude,Jump Time,Jump Decay,Internal Parameter 3
Asia,Afghanistan,None,2020-10-01,0.2488192721308382,1.9961866816627196,-50.92779551011028,0.6488420057670223,0.07619601519220627,0.0822627906438578,0.10783462017045448,0.350399753679788,1.5687452490661475,0.08806399757892941,85.48510713677348,1.004942422660215,0.0032379954376458727
Europe,Albania,None,2020-10-01,1.112205058974021,0.3604850091395587,-51.11772615923828,0.0,0.10517649696051182,0.03531517311431814,0.3760962948676931,2.460861663641868,1.0045557337437752,0.6814201989175726,6.715497873193378,19.784354642820826,0.03530651202235414
Africa,Algeria,None,2020-10-01,0.1512347697885346,0.27910041135550245,47.53467731228449,4.55405921470612,0.09687900091402894,0.09033844128725425,1.2248444993638734,0.14532436669835963,2.146850566063491,1.131556979252492,118.01651033164865,47.84290264835822,0.006938031747754652
Europe,Andorra,None,2020-10-01,2.0607958474586505,0.5012364898883288,10.002927419385554,0.2557344783709999,0.02029973616947773,0.02128105326309422,2.4498621343613074,0.7645117516512834,0.7328043053212363,1.8341290437030056,118.11620258115516,35.172062925422345,0.8829878343286234
Africa,Angola,None,2020-10-01,1.4806612223481457,0.3009641466538319,17.530361866875918,2.2413595296465125,0.02,0.06312201557292453,2.1746537601155946,0.8044808756560531,0.008287464298346217,1.2820345281511856,116.31754182998827,58.02049995360977,1.2291271397762085
North America,Antigua and Barbuda,None,2020-10-01,2.1746018551486177,0.4020203605717228,-16.30475145191017,0.0,0.02,0.10099667503276512,0.2875660572495387,0.00030642031029389877,1.7285181683051685,0.0,150.0,1.0,0.05167624264586208
South America,Argentina,None,2020-10-01,0.6791106791301941,0.2743941625816658,22.708680536616118,0.45861543031420177,0.020028621590864052,0.04339472355321297,1.6677421197080384,0.3988303777693661,1.1579544205533239e-06,1.4308271639857142,93.16795334154506,32.07024969301296,0.544081667469557
Asia,Armenia,None,2020-10-01,0.2311766011697691,0.3177756821398371,9.695873700765883,0.02117861529961565,0.06676926662704727,0.01461456274654405,-0.1969818922206473,0.9013573749826699,0.003590865135828222,1.052114379562039,-15.173818550441501,26.48311245463956,0.22906254986910454
Oceania,Australia,Australian Capital Territory,2020-10-01,0.11369172629680906,5.3241692019430715,0.0,4.410590208886669,0.02,0.001,0.25095385285454136,1.3617836110637873,0.8635600720371425,0.8551950637972747,146.6511291579497,1.022758601426897,0.0006253796862906217
Oceania,Australia,New South Wales,2020-10-01,0.178063931101351,0.613204901170672,-18.833627360610482,0.3643368430705116,0.2618001910253143,0.001,1.0194678728776747,0.0021594951269263253,2.0261043177684197,2.0541986420426825,69.60491426748249,3.2216414378585423,0.5381490550036188
Oceania,Australia,Queensland,2020-10-01,0.6924221012472871,0.33003234150015237,-38.29265843999976,4.648176937254553,0.02,0.001,1.2427833655049203,5.91610265151348,0.10826153013764593,1.3550959193041328,-1.4380540780527284,129.42397086917566,0.05353220423189059
Oceania,Australia,South Australia,2020-10-01,1.0922379367816575,1.3715469892812688,-0.0017249192963442992,1.6377610022719464,0.020000000000000004,0.0010000000000000009,0.2229855547508361,3.078976082041613,0.0008323441752313838,0.6016341461423389,81.700741918277,4.501482118226944,0.24006594072115045
Oceania,Australia,Tasmania,2020-10-01,0.09142823124648061,3.4387049852380853,8.580574217580878,2.3529035859484573,0.02,0.001,0.755259640636391,1.4819174211452067e-05,0.0,0.9993260928995102,-20.116604862524685,6.900465331962485,1.3057445774569443
Oceania,Australia,Victoria,2020-10-01,0.01918884565849684,0.0830814754954868,45.77827796977717,0.0,0.13252016390591376,0.1474447987738457,2.9056597864121256,3.4040835369475504,6.08637118069917,9.81254659506829,72.62076471153051,13.860189406435527,0.0011315275492675336
Oceania,Australia,Western Australia,2020-10-01,0.8800439294128936,0.31442745733621746,-23.787007003958568,0.03714437013324925,0.02,0.001,-0.03511296182776752,2.6124901727436645,3.9613367484031754e-07,0.23315223760850046,81.75856945825973,18.94776115518154,0.5021232718575761
Europe,Austria,None,2020-10-01,0.9551455905394878,0.3099329345884979,-7.7417941263051135,0.0,0.0402910818766488,0.017506363489763793,-0.2,5.832388584273566,2.2243411418636208,7.152256820857374,-26.523113345235895,23.999618208492652,0.00671582941328184
Asia,Azerbaijan,None,2020-10-01,0.44927627048121455,0.34719571869778787,-25.14768744830583,2.1308946759441105,0.05569602014634407,0.08433954064000548,1.4223846098482378,6.030194411579171,0.8693817457861391,4.498419271549604,-44.21771177302473,59.051248129068874,0.0008248992457171366
Asia,Bahrain,None,2020-10-01,0.7924054926092546,0.4689776779319448,-55.56974704290775,16.238692970235615,0.0635995019540627,0.007953941059837225,2.4826043367465083,1.0057049074640108,0.01960507059502059,1.5288421811102082,187.67337039831563,116.57429587686059,0.08989436478870183
Asia,Bangladesh,None,2020-10-01,0.22669274168298303,0.06887810426015506,23.245177109732193,0.4098902905274306,0.06277144102033196,0.012889965111383853,-0.15560937203272004,1.9601791783975307e-06,0.3812271097866278,4.963353659748047,32.45519394157235,48.70201708459666,0.07922248636464707
North America,Barbados,None,2020-10-01,7.443630727056023,4.080857888026167,4.274708843051535,2.305604648102478,0.020796342531855177,0.005483644894537719,-0.1733693535077461,0.5570502069414097,0.2868220683212474,0.10408494124868485,27.366426183499886,63.99210940338293,1.0995143953471334e-06
Europe,Belarus,None,2020-10-01,0.1574080378088002,0.32196344694552076,-20.394891966282252,0.0013231365074505878,0.06407593825816511,0.00631677168328336,0.08420032137898684,0.11212139387468954,0.13257967539440815,0.6078927737298565,-32.57266495231726,71.47794821213813,0.2173470298976453
Europe,Belgium,None,2020-10-01,1.1196220974781337,0.30838623624627864,-88.08144691977337,0.0,0.0400781379681691,0.0173012082907053,-0.19844439050769466,4.186691974191749,1.1730176858713119e-07,3.200193428913063,-57.648112615368106,30.908508975383175,0.2202299011611699
North America,Belize,None,2020-10-01,1.1978330133811532,1.2942001225488284,0.22088070716194405,1.4134949842485625,0.04294125638883238,0.11948905511634987,1.0267540097191379,0.6125228227777892,3.190435042658616,3.4082797267562985,56.11375525477763,1.1732749315396789,0.03138489581677566
Africa,Benin,None,2020-10-01,1.442317815215985,0.3582855818930336,-139.29474781312356,4.245734981695428,0.02,0.0063500580002729306,-0.2,3.4478519715420477,0.0005286580743265968,1.279354720746544,117.67630390480696,87.29185599425692,0.8179445854523818
Asia,Bhutan,None,2020-10-01,7.8992794270097395,0.3521815721097896,3.136154143012276,13.242393080157136,0.02808295130618722,0.0022070876489854513,-0.2,0.3632485164176777,0.10837252469484424,1.539555149425489,52.11494470253824,36.85747191298695,0.5131385115872312
South America,Bolivia,None,2020-10-01,0.3777459081531685,0.3090895104387861,-18.56573590023831,1.7997124435963914,0.10284846639487479,0.1548428687987869,0.840999533821143,2.910933989878638,1.4691234102224708,1.9812569649785543,74.20042466553221,33.07697428343949,0.006518203935290876
Europe,Bosnia and Herzegovina,None,2020-10-01,0.47151484855804504,0.4236890243324733,19.285311518046743,3.2820894392952527,0.0765761373094758,0.033906812118620136,-0.2,0.44256816373884916,1.253300000784107,0.6538389452586942,77.80755059055912,76.7725506909437,0.03256026732246516
Africa,Botswana,None,2020-10-01,9.469979016859911,0.4538213339871232,13.426345412905768,2.101575592574206,0.02,0.006413111719902383,-0.2,3.488404124943359,1.2601223757606903,0.9648754387198056,110.63379608893932,57.29672266201525,0.14698022363520202
South America,Brazil,None,2020-10-01,0.21340284934488085,0.45740220692622313,-47.61435739805754,0.03882405745728918,1.0,0.016618235352598126,-0.026473716073132363,7.1442872619909565e-09,0.7853946656987361,0.14008121574443877,124.07753944152103,24.387911605259433,0.03708524334178775
Europe,Bulgaria,None,2020-10-01,0.43368567453868756,0.7728074213499362,-80.7324592798024,0.22160690775602795,0.047712237583110405,0.047318101308501254,0.02476653850573445,0.7699106402272438,2.6210334353300333e-08,1.4519932088236835,-12.46971194763423,21.561218767540783,0.12745153896075787
Africa,Burkina Faso,None,2020-10-01,1.396871384512972,3.82742191194082,-2.917997557271319,5.807861911874252,0.02918368792152447,0.009573306855741825,-0.19079431054430687,1.4747637088486192,0.00013777653074120553,0.11977848496538178,63.752783163438764,23.181027468264755,0.05091561816829061
Africa,Burundi,None,2020-10-01,4.779906742217973,0.49616162088303056,3.013264556221791,0.0,0.02,0.015642784865018588,1.0318823248383313,0.0023443519778405556,1.3874454576861306,10.706358736232803,-68.11859296202175,8.155531059054004,0.0659999608547832
Africa,Cabo Verde,None,2020-10-01,1.5397171963813445,0.4362290855234088,-28.02034911554088,12.231431980615966,1.0,0.01252451716824754,0.3555808834980953,4.030191134055464,2.032144984012773,1.4044822886571802,268.07354816983826,203.9592708362934,0.194001719185382
Asia,Cambodia,None,2020-10-01,,0.1881376583198448,81.5915144509516,0.01083772433326584,0.02,0.001,0.5736341421740156,1.616239084580098,0.5689797078014898,1.2037361865623875,53.35369105958433,481.8539597708933,0.6794293504829331
Africa,Cameroon,None,2020-10-01,1.0971547310193652,1.754701016856791,-30.042733013430194,1.6141683211901467,0.020000000000000004,0.08146929016980375,6.601619811087467,0.3161460713821367,1.479777829450673,0.1993585959694406,228.1667026885169,171.59926581618396,0.007631420537763446
North America,Canada,Alberta,2020-10-01,0.8748498689201785,0.16333471311831582,0.3589060022507925,2.9003903242582023,0.02020519912703152,0.02086915787721906,-0.0054584422976196355,0.0016543795045190453,1.6271601743275597,2.9993845962449885,37.182500368235694,42.60359227970844,0.12040018693496246
North America,Canada,British Columbia,2020-10-01,0.732359019414488,1.0241206066556632,-0.9002317709901536,0.6278784333326348,0.05085798944016814,0.01574802649271128,-0.2,1.3302071781763138,0.7375465729870394,0.3165284691822576,141.86014428119887,36.07866554595752,0.03939885510635062
North America,Canada,Manitoba,2020-10-01,1.1684921045615346,0.5170571456933922,-87.60356706545363,6.3838984058733015,0.09598499951439714,0.024500711601814912,-0.2,6.958116141223269,2.283840394866567,1.0410774814029016,-21.44872404834388,85.47014946507159,0.175927727891043
North America,Canada,New Brunswick,2020-10-01,3.1228093440396387,0.7953010118201891,-1.4769449839874638,20.135768588651906,0.9432195097464341,0.01834270585202991,0.13460691239789369,1.0071745337891067,3.3072523452861993,0.6537272686020157,109.13746593961373,75.03779383086906,2.2479930842690434
North America,Canada,Newfoundland and Labrador,2020-10-01,0.832828154342917,1.3725826048064598,1.5636247349585475,0.9166402992416557,1.0,0.0680114237809702,118.1828928144596,0.0,0.010484839297826287,0.0,-27.119019892506913,1.3152849423623,4.396401877534201
North America,Canada,Nova Scotia,2020-10-01,0.3593300462876915,3.8512200537966317,7.8731703344693695,2.838716513180535,0.02,0.001,0.34576552237399255,0.7589977508471863,0.013438843503598636,0.0,149.8496700884874,207.64186468574303,0.0011312002667828698
North America,Canada,Ontario,2020-10-01,0.9654209694837478,0.14682745255732854,-54.971247982622494,7.392371601779672,0.022994339055910317,0.019761646917306266,-0.16977415115111943,1.1496762748987346,0.4469062197230285,2.815004214539638,101.50711090483412,552.0286319975615,0.0960669175281987
North America,Canada,Quebec,2020-10-01,0.35487584265491845,0.19215810962453422,0.5753036891682601,0.8249486307119744,0.2784292068203844,0.016938195531735957,-0.10928063899973477,0.3679370408292059,0.9941455023223237,2.0761161907112715,66.1887820797409,50.01779552335381,0.10893572461440447
North America,Canada,Saskatchewan,2020-10-01,0.9139264420452868,1.3756330432994537,1.184954010298047,0.7900521603822629,0.02,0.017079872560639333,-0.2,8.142562620943758,1.026976422345166,0.36826119486144393,92.68790797867848,4.2732880480737725,0.015388234708043007
Africa,Central African Republic,None,2020-10-01,0.0891131208405538,0.5033670430549013,-115.22795516456334,12.851967351099072,0.06346472404851058,0.020957478753104823,1.094229644734166,0.8703138025682853,2.469618563488016,0.7349820911652422,7.153536133767156,113.2759231309502,0.08183766649113085
Africa,Chad,None,2020-10-01,0.502097651959095,0.25951210846237627,53.37223865285551,0.295269011141693,0.24326083815655097,0.045104626454868714,0.6244958159679831,0.8195329155016967,0.5071516717416475,1.9916548136636856,81.18073960475351,12.664423256591366,1.0886591663947367
South America,Chile,None,2020-10-01,0.16154433576947652,0.14930762343810935,43.97532616537808,0.8449066242546026,0.06733965208909946,0.03668701221789683,0.20176150441699922,0.8999542857814953,0.37999933903488803,2.849751001445246,94.81327385582131,44.62363396987389,0.031033860477361723
South America,Colombia,None,2020-10-01,0.4183678253380943,0.2466151976753934,-10.73362486425905,2.549683949943615,0.5769825272815255,0.020564800546131173,-0.01987632566209936,2.554789228091603,1.0608023563720201,1.7854940724108572,118.33727864497556,119.29137016091076,0.02721212028245465
Africa,Comoros,None,2020-10-01,1.8927367531441264,1.300709570593829,-15.329095432311973,0.9767887917845767,0.3834818171169891,0.02746685214757994,-0.2,1.267665440543021,2.9016475993556248,0.6203727118302869,86.34961972536988,13.810432586501415,0.10257075221143251
Africa,Congo (Brazzaville),None,2020-10-01,0.7079342933544968,0.1779812083585767,-20.412469616151697,1.0118659419671223,0.4561693606076891,0.008458199986434708,-0.10863171214711076,1.0256558464200434,3.5747351059321684,2.5565884576353586,49.05762925353138,48.69033750109404,0.108410353075654
Africa,Congo (Kinshasa),None,2020-10-01,1.3731419353649852,0.42160930837334,-58.64309066647888,1.5821480661671339,0.9996512844530155,0.046833473305538435,0.09415361408441067,1.2067802366421623,1.9603634747679262,1.184802320498379,48.25040698269852,43.12424527097931,0.007653499380127805
North America,Costa Rica,None,2020-10-01,0.5223707174785701,0.11685958283150487,69.25205314406568,2.6108058233814257,0.19930403306227237,0.011363123717419552,-0.1621748961811712,1.5831772576837553,0.12954058463518947,3.992896523859082,147.5655682951941,72.89681619637375,0.12042800894815345
Africa,Cote d'Ivoire,None,2020-10-01,0.6674202454926955,0.49125448960063567,-27.935980316824114,0.4084316058651868,0.04356872887208719,0.010195161085599133,0.23211626392655374,2.089681789190252,0.8305143883527802,0.9734840387715509,86.66162243850137,26.662582840545188,0.010612853026859843
Europe,Croatia,None,2020-10-01,0.5616212428036427,0.43254070329785366,-79.32879198665671,12.64509510520679,0.05844949715770065,0.01811095351800011,-0.19509275072680438,1.7264370243805949,0.4840603843718658,1.2064288511784846,32.44390822274265,39.38797428513876,0.390206023431983
North America,Cuba,None,2020-10-01,1.525282669229871,0.26436344800157796,0.439496109873278,17.52894216360615,1.0,0.003415144578591222,-0.2,1.8780795206655456,0.9984627709031992,1.9816852572509034,90.58762458776097,68.49207776836302,0.2361307170319258
Europe,Cyprus,None,2020-10-01,0.7626114163062234,0.1984766744141675,0.09381958776626381,1.0493900306650106,0.058961233276728885,0.0054930308152168214,-0.2,11.259630266183885,0.43407358058955325,2.2770793350543155,55.81116730195217,37.39539979459012,0.4224584347248091
Europe,Czechia,None,2020-10-01,1.0102062537916732,0.10821483702702873,18.239631738681975,9.694488023151568,0.07088775784180533,0.019060657476795754,-0.003129589693290049,2.9691521363092,0.0002556704948414967,6.506722509892906,131.83929170940252,81.55424392206093,0.42952884808631736
Europe,Denmark,None,2020-10-01,1.6059393498559003,0.2760627221720335,6.102844708217697,0.4027219403096707,0.02,0.01039549559227891,-0.2,1.241344543755415,0.9291490093175386,1.3960715544027331,53.76127931958298,28.69726439178005,0.24528571440711935
Africa,Djibouti,None,2020-10-01,0.3910660144443285,0.3637361636986873,-81.54081730541213,0.008045742680059316,0.02,0.001,0.05181755199023126,1.5007317117767887,1.4718682018553222,0.10919836812029009,-1.3603730976820916,5.795137523706877,1.0574828570877925
North America,Dominican Republic,None,2020-10-01,0.9804652763219184,0.4081389781552296,-13.481884418633324,0.0,0.5221295826187323,0.012765942749249717,0.8585673026085177,1.8472939069422868e-07,1.471197786995333,3.5983076740311972,-22.322256732732058,2.602153836666954,0.01841147426147108
South America,Ecuador,None,2020-10-01,0.5748907495367982,0.4610180428847552,-17.418127449053927,16.758614080718544,0.02016124330840661,0.0895177961635143,1.7442564055832905,0.7756121768605024,0.0,1.42333968779216,299.0228291008048,216.42748058225152,0.14677813623808356
Africa,Egypt,None,2020-10-01,0.16584089064516597,0.656887818286005,-7.782025492637561,0.25718084194163093,0.1293506132132535,0.07674306690440695,0.11304214716205373,0.7770495504146968,1.5495880358508878,1.0500355477254228,77.06932065509457,3.383443228139512,0.002183801460655901
North America,El Salvador,None,2020-10-01,0.31856843079637975,0.13947507815693883,-99.98107219238605,4.1405399106534135,0.03190850088403806,0.028601002180319877,-0.19995742480417367,2.248407643462502e-06,0.2549774394358515,2.769153703794022,20.870024317153263,299.63736093338133,0.181329676780504
Africa,Equatorial Guinea,None,2020-10-01,0.1997642399897377,0.14459728105976968,-0.3321546765177949,72.02783447594308,0.02,0.09492939999385112,4.2261088719514355,1.0,1.1574885550111595,3.678608328836915,143.78194307056484,127.40109391146343,0.23014468158962373
Europe,Estonia,None,2020-10-01,0.43778262873963963,0.4453910614592764,23.745678152249674,0.07061454935173203,0.025014271702803997,0.014954894119548735,-0.014989517720654544,0.9973527054986713,0.13182336927876395,0.8781188090858653,-64.8080576584171,61.05435047070355,0.2614782236340288
Africa,Ethiopia,None,2020-10-01,0.27291195522008505,0.1567019342876253,14.13431267262705,0.17256326344112116,0.02,0.04610005659198145,1.0332960285813655,1.997439768382693,0.8662789372395551,1.5321591891612123,70.12931998130072,49.54281855248061,0.043183021854070316
Europe,Finland,None,2020-10-01,0.7712177313217066,0.29884137509252673,23.594246796108067,0.0,0.02,0.01260389987824707,-0.2,0.5962883632002242,2.2619906967112424,1.779881745608308,-77.44446846126637,64.51765762562975,0.20164860804663498
Europe,France,None,2020-10-01,0.2973835289906313,2.5182116105077426,-20.16609593314048,1.8989796479227745,0.03814174670632902,0.016581980343476323,-0.19992665031068207,3.0883609253817736,0.0007082966001958494,0.18476790470096233,88.88731429042306,13.007108796453243,0.09870475773556371
Africa,Gabon,None,2020-10-01,0.5597389219568394,0.46439793911496025,-22.842806622545563,0.07192530837404056,0.02,0.09746063302944423,1.6346359148989824,4.360521751932109,2.0664618448425798,1.019905300414512,100.29910596075503,6.570796615375753,0.004501812004976104
Africa,Gambia,None,2020-10-01,0.5615256564990577,0.2769477797180429,12.060657982630525,0.059145682498275176,0.02297926059297475,0.0869124073923454,0.8142040480464667,6.363956403241714e-08,0.7986838802033764,1.2347338201227582,123.75414898813925,46.42438035131624,0.46120664493610997
Asia,Georgia,None,2020-10-01,0.3572804315558321,0.08271684867359715,58.404635744127475,44.91481381471394,0.04543711805480308,0.023180251764980977,0.3110910309910362,1.440109917465879,0.6091400720831093,4.563791348454866,-6.9060713040573205,145.28553397540654,0.7317582936865044
Europe,Germany,None,2020-10-01,1.480717387657118,0.8111571196783876,2.4180313991308924,2.5888481567885533,0.02,0.030427358138627122,-0.2,7.272048428011066,3.2069687011253474,0.39034638286721535,63.09608070461945,80.38663313923213,0.006527978730980417
Africa,Ghana,None,2020-10-01,0.8638971902324553,1.092944188609879,-1.92458924093525,0.9852687385783202,1.0,0.004575487378411171,0.0,0.5659755896206458,0.15366116683212505,0.7480636947852654,135.77152824972097,35.24287267374081,0.004991333038715698
Europe,Greece,None,2020-10-01,0.9509473645225018,0.2571841753762103,60.9471110160388,0.0,0.05278967207671994,0.0349125403694474,-0.1999964007670263,2.5504358686373485,0.4289501522895115,4.949091873823848,-9.154103776025789,21.011702069441483,0.03493673431155177
North America,Guatemala,None,2020-10-01,0.5708110618975202,1.9998824030626192,-68.50663389214537,0.7658593071445428,0.25427789953246704,0.028788138086340762,-0.19419755970307767,1.3046306604585802,2.6375075136116344,0.3039346121247568,178.6203994429659,59.0336893849541,0.010030410255970179
Africa,Guinea,None,2020-10-01,0.29597113770164984,2.8396332003259954,-46.22588816247951,1.8585934806680011,0.021965499902876873,0.03350114742863619,13.387267288370865,1.6663553827237005,0.0032358235482579144,0.14740399467140433,149.9937697659754,54.98362004829612,0.10996489446908625
Africa,Guinea-Bissau,None,2020-10-01,0.3986485424322677,0.7265209465934812,-155.32289849141443,2.51732030860364,0.027106811327956875,0.13068640676787924,1.6781321530217275,1.1586200996860847,1.83626222566199,1.767149980139095,245.6393003023367,116.9519849395808,0.1783964343390073
South America,Guyana,None,2020-10-01,0.8881872682334522,0.35090163536754365,47.106306749075586,0.0,0.09269784207782077,0.032055727947723725,0.43898920376972383,0.06762886404371082,0.6573544857923065,0.0,49.025520808986776,17.281666307175044,0.6384429857986
North America,Haiti,None,2020-10-01,0.32082205381449547,0.24679058820326139,-8.075166561213424,1.0158570410814407,0.5758350275881128,0.005285600646114988,-0.0366160428233769,1.0038537858785515,0.37900535051740036,1.7743193161340152,86.24161391357661,60.44319067959437,0.010761626986775621
North America,Honduras,None,2020-10-01,0.2950893116681166,0.2980076784470097,-104.13795592373882,1.6544615741193691,0.17440494881529073,0.013794098208287085,-0.18709136978375115,1.5616246214730092,0.0005101653795944368,1.695392995905371,149.9651619065141,110.18192969173646,0.08884709870609686
Europe,Hungary,None,2020-10-01,0.5549345254403562,0.19516080509399272,0.24066020556079537,2.085879058432114,0.04023360177128765,0.045328092842865625,0.08682523900034238,0.5340609122468866,0.7169596382345496,3.366008088723292,-52.74792091136573,95.64332182811683,0.19079120266387228
Europe,Iceland,None,2020-10-01,1.3116228139165342,0.11448945620487541,159.5786949257261,3.1922695457327164,0.04978198002633366,0.008349033352052119,0.41134760843328216,7.55285507453332,2.7365742014631124e-06,2.260334502305091,78.00317746638741,10.02031365535914,0.25688667517292485
Asia,India,None,2020-10-01,0.08231270316189761,0.08749975584656947,52.7114293855909,2.8603400230335994,0.021068583448580515,0.014169169984721708,1.0630354571320264,0.19039234932133814,0.10443415455461497,3.3902518535959505,112.19968262809924,77.2443478555343,0.3929002787645066
Asia,Indonesia,None,2020-10-01,0.271819643175807,0.38320611335860183,16.17863905762899,0.00010501295565400635,0.14940386848243273,0.025129608432012646,-0.03182472343141071,0.0,1.2718903845311431,0.11770058672935006,120.53278854987784,33.24959933666182,0.07946540192042903
Asia,Iran,None,2020-10-01,0.2040253834975038,0.9372116061227236,-3.1952824193399234,0.6290916185617657,0.24726252113883415,0.13018832226717358,1.0330147268801277,0.8215627900920985,2.1738027035937644,4.113847310930719,229.17766662726794,52.66782258546513,0.007320031296127959
Asia,Iraq,None,2020-10-01,0.06544555326927587,0.4750098786733431,-12.80402535583186,0.26923818735904215,0.10619554198311983,0.020086311803544626,0.3182416993852554,0.5507957977609348,0.7761105946922934,0.4260935284141441,123.11134958480294,31.053905360831475,0.058347425268630536
Europe,Ireland,None,2020-10-01,3.7787590662429147,0.07149373583939916,-18.01444935538138,57.78110688007978,0.07293172265978383,0.012008579299647685,0.08141860716231267,0.007490309729578758,5.841087720624539,6.867267509156375,89.24889292937851,578.002589454245,0.007294987681464103
Asia,Israel,None,2020-10-01,1.695581979000983,0.4947604454322866,2.5728900570800697,0.0,0.12258850334315,0.04354320500816365,1.2446126850129742,0.0,0.25271120649296047,0.0,-39.03888375549785,1.0,0.040385116632676535
Europe,Italy,None,2020-10-01,0.6147800107459455,1.0168318189786325,-8.65822054214588,1.5122209930913266,0.04825832547956815,0.020698663261137742,-0.2,0.9576627264958474,3.224079921493163e-05,0.25158492618276895,123.09609358298327,137.29988121049666,0.28976731297504094
Africa,Jamaica,None,2020-10-01,0.4335916047481451,1.212004994294336,0.48804162022441977,14.268536780829576,0.31274691820273814,0.04076106848824493,0.24420901304759463,0.9084792587899436,1.7386176970979124,0.31749183319193697,79.3645936863603,56.76081951832426,0.07988623047172559
Asia,Japan,None,2020-10-01,1.596255944811714,0.46154810787633993,25.678380751425202,0.05202545799122696,0.028240803906156547,0.017840291825052073,-0.1912057095001557,2.012894094651132,1.1571488966281893,1.242792824844082,-52.72058104587002,28.005714200953104,0.011683402483419694
Asia,Jordan,None,2020-10-01,1.0484766368996512,0.2322598101977049,-19.673510756874602,2.388929746520134,0.4571769159595324,0.012582611299649936,-0.036413853515038876,1.6713792552513786,6.100990618845559e-06,2.527154278053736,-39.12940560714427,85.91934442464276,0.8877814065091795
Asia,Kazakhstan,None,2020-10-01,0.43847744901333935,2.959004561018018,-72.00357201928635,0.8085405202753064,0.02,0.14318293049939684,2.6469607892990554,5.661703617783735,6.167578725018862e-06,0.2896738450746408,145.94317909621748,25.595392894208008,0.002418162097557302
Africa,Kenya,None,2020-10-01,0.5871217740205272,3.3702847588971543,-61.99161282985476,1.7144957365487115,0.1529994050794905,0.02570187153633206,0.34165981538486434,1.9377201190290485,0.0037111694495166677,0.12364740473369573,-33.786793500042506,41.47138609162125,0.044394484824031376
Asia,"Korea, South",None,2020-10-01,0.7248350453034541,0.23398849874112287,75.77555347690397,3.1166370480817807,0.05183286455551532,0.017275443541212583,-0.2,0.5282405107710323,1.0455630553549249,0.7509568822856689,97.18531131030532,45.861425386607856,0.01660103353230453
Europe,Kosovo,None,2020-10-01,1.0020214179486708,0.30338266705770817,1.2285763466388149,0.0,0.06593378586148531,0.05000910455843763,0.5209612272498806,2.355741098459441,2.3026154307106252,3.692273038662767,-2.4661264513926238,18.92510580929005,0.001772438719728922
Asia,Kuwait,None,2020-10-01,0.5228909185944138,1.120023822320252,-8.468228937753203,1.2053692827999454,0.17378030498070227,0.009163645414357977,0.3772663614258946,0.0076307406022431135,0.6183558120452679,1.5368628056549123,176.43654796708168,47.951365109526336,0.03811723141109513
Europe,Latvia,None,2020-10-01,1.0552409680091648,0.11074641253637559,-13.231292761148145,2.401959735200937,0.0667434217253636,0.016863870619148784,-0.2,3.9447549666881425,1.5600744370759603,4.2918572925499,24.464946062380047,110.32687641347536,0.3258130341380741
Asia,Lebanon,None,2020-10-01,2.614492347807737,0.7193762604343025,1.58889747449582,5.3512841853473905,0.5819468779440697,0.006302972717499934,-0.2,1.5423490081060647,1.0000007581847583,0.7507001664326154,118.81132112191176,77.84673718075035,0.08364489951785607
Africa,Lesotho,None,2020-10-01,3.688003752753249,1.0919553646863334,-308.18412373578883,0.5076227997654876,0.02094109639807687,0.03958735915051795,-0.10432465829384245,0.10328477831301765,0.6840890084462316,1.064105341838673,13.661265770844484,54.35223961697453,1.5196392524161666e-05
Africa,Liberia,None,2020-10-01,0.4533148112882065,0.9644993022361887,-3.6510328571700326,0.6149470100491969,0.02,0.031239986936100167,2.2675846664182604,1.1116829418752454,7.996114393651503,0.4705926379739462,133.57043279813672,27.78595583518962,0.0368417902293792
Africa,Libya,None,2020-10-01,0.6265439321223272,0.12316054590740906,433.26244569027773,31.39656377419512,0.02963979789728615,0.013166075429483105,-0.2,0.6287700573205681,0.0003035335487503553,1.3051934500878088,150.0,95.62797757356218,0.6383494519964324
Europe,Liechtenstein,None,2020-10-01,2.1139286730666615,0.5295562320861638,-31.131872565319103,0.06374670223682632,0.027885168423735597,0.02451171637007109,-0.2,4.368122362629018,2.1580555244269304,3.215036060021545,-17.158594796451528,7.015415833254054,1.6551258960686304
Europe,Lithuania,None,2020-10-01,1.2896028133376647,0.10867751473731507,32.31147684907833,5.671839077074594,0.023119764333969485,0.023282448165816073,-0.050402711533105535,1.9982508364312035,0.14583458737749266,4.47037980183557,34.823975573560325,73.34668042203424,0.3648713834140645
Europe,Luxembourg,None,2020-10-01,0.4500071465953633,0.7893621087790416,-0.31232773883343695,2.5083246642872283,0.062291502342520726,0.009313742053404343,-0.19998768727984947,8.20914848825786,2.3772325360077393,0.4850775961521718,7.033641278623063,133.58713302564064,0.08394725179257796
Africa,Madagascar,None,2020-10-01,0.5878873837557517,1.8484430360957584,-29.072285973180847,1.9723154028499927,0.12405707325002013,0.025517938485690044,0.0020234883708733103,6.362572932228774,0.7258679806488592,0.2777772784371755,114.21759743332605,40.60864744392045,0.0035009985327126877
Africa,Malawi,None,2020-10-01,2.108479705665389,0.7388629525032532,-14.790830074927156,1.440742179698415,0.16875413652425741,0.024858647692712513,-0.2,1.5005403008223468,2.675785558079658,1.9910653538328302,84.98800231589756,14.450766757904477,0.424524298721465
Asia,Malaysia,None,2020-10-01,0.9196283316014382,0.15101361302536376,-103.4584437769563,13.080574399592507,0.531813019514003,0.004749968252079072,0.2537864316621334,1.860012690992709,0.00012359327035849077,3.3059941861505933,201.74368212770102,222.5923192119658,1.5031800676115963
Asia,Maldives,None,2020-10-01,0.5640603043327047,0.4430887331494579,16.3746135205094,0.4048161630842548,0.08816831122814825,0.008145443314990073,0.7196074333784617,0.9906751209100989,2.149914388755853,2.426533890863415,149.3283183911546,39.225852259925105,0.02638680251283452
Africa,Mali,None,2020-10-01,0.5420647209176976,0.2730507899861058,-106.07225521697322,0.4882082443593975,0.07200804698917027,0.033880408735300745,-0.2,1.379273191154029,3.270515023889581,1.9707672988832583,7.31689031274301,60.14571732857875,0.04392614479929104
Europe,Malta,None,2020-10-01,1.2847711214273818,1.0590432207353213,-0.48014647133739313,2.317694204839202,0.024099818800380108,0.050730222602866755,0.525984162347052,5.892927626811409,0.13995111556538953,0.5162776366525441,143.09913401335294,72.3835853087377,0.17052058555653507
Africa,Mauritania,None,2020-10-01,0.7701722794499501,1.9270363668729207,1.0448631989718988,1.6323011572848982,0.17078041070598915,0.034920665248147346,0.06021934124271936,1.449075709782534,3.576471191343503,0.7118681857607567,-25.962359097642235,47.567317670673184,9.570196128867099e-06
Africa,Mauritius,None,2020-10-01,0.8426096131695687,1.2154973715744126,-12.555617996499805,1.2169095223568087,0.02,0.001,0.26387592475945704,1.2005887257518988,0.0884560173092842,0.5779288928392208,149.99327073384828,43.82629602598897,0.5189088854894689
North America,Mexico,None,2020-10-01,0.311576944572573,0.4373457732398934,-27.740974784267348,0.043927067173936823,1.0,0.07125708113445685,0.00594044960630539,0.0011404741039403447,1.8442418014490225,0.4425706064021733,98.39841910204602,4.20959335397638,0.028375400110082924
Europe,Moldova,None,2020-10-01,0.5717144225620184,0.5370945485095009,-16.768975782529367,0.1599256171616506,0.17765944128575664,0.017700971644602593,-0.0531977815226598,1.547383716569243e-08,0.6460942521576087,0.23551701503837233,-66.05788802888804,62.87045900646007,0.09101616505386606
Europe,Monaco,None,2020-10-01,7.176311469748347,0.4516557355050187,0.0008130700422064063,0.0,0.02,0.008399334602856837,-0.2,0.0,2.547199914905098,0.0,150.0,1.0,0.30927312831853154
Asia,Mongolia,None,2020-10-01,5.04181277493733,3.6385586834754533,1.4223503963611217,2.5680165496126857,0.02,0.002410070558149921,-0.2,3.0641893560811346,2.025463344406696,0.06821368522829213,84.025016858122,9.368862711800105,0.008044151382045003
Europe,Montenegro,None,2020-10-01,0.4022868484345409,1.5365388437827772,-128.11324017383197,0.2269878569424588,0.05011736867777241,0.030328147033091852,0.5214431865385909,0.9214823877114755,0.00029091964642378353,0.49459363476571727,140.8531366917511,30.54424474093856,0.40685218670941165
Africa,Morocco,None,2020-10-01,0.5445773698865126,0.24796714982925344,-142.27416906003594,0.0,0.6684084513903708,0.014027489483561442,-0.1682263534842775,7.421207627277579,1.2842640605708162,1.5443958765041128,-32.68031504503018,43.12331264243023,0.020221230586667433
Africa,Mozambique,None,2020-10-01,3.6287039452073335,0.8948283293994965,-675.9844089692476,25.43069011039252,0.999984019482858,0.007678929168203562,-0.2,1.5289411054760151,0.03391223143541078,1.5686232348827494,262.3758433641946,128.25738699954854,0.6065433774624436
Africa,Namibia,None,2020-10-01,0.4725045497217686,0.15413830788804808,87.53940873230385,7.466095912142287,0.03767898209771273,0.017439651175576613,0.0567525390185176,3.6754235937791666,0.5271020975436654,1.535386916128189,57.64051161855074,212.26771877974585,0.005896391140980916
Asia,Nepal,None,2020-10-01,0.24369433690393894,0.20160901240624687,59.27130957840428,0.1610394114300275,0.04503868940866528,0.008092061832847188,0.059933359644875096,2.1162710533905784,0.0,0.33799525040234124,134.54532886019675,178.18388607554945,0.25246989472513875
Europe,Netherlands,None,2020-10-01,0.5139785746847558,0.040220832394833754,81.31214102178231,21.367232854792864,0.05632927518341675,0.008741184444898029,-0.09225453115160213,4.091291631550086,0.9698266930295261,9.83025845044353,95.73206550217822,87.29965713705036,0.14821161059895213
Oceania,New Zealand,None,2020-10-01,0.6157959938829162,0.09915781557938837,-8.696345297406813,37.272070544791234,0.02,0.001,-0.2,3.969245806953432e-05,6.547683610502743,3.7045443953124906,149.99946411419322,783.3897405837226,0.11037213849252042
North America,Nicaragua,None,2020-10-01,0.16810764296570385,0.04466002976237207,5.691846246915375,8.96134742485523,0.12405661582380248,0.014653623282854992,-0.0978610987687264,1.8770397653322595e-05,1.8321301564684325,7.806713789548644,148.99356416183423,299.379420148826,0.27184390723252927
Africa,Niger,None,2020-10-01,0.9557981319799899,1.5237929346900059,-27.673555906927184,0.7198968098225932,0.0307492735182425,0.03336363421199149,-0.16226495141328914,0.7200406487226417,0.5366291469839866,0.9576983794577212,-24.551158842647112,44.32007811739959,0.0007687009512947307
Africa,Nigeria,None,2020-10-01,0.5942337084776577,0.5492821066355806,2.0432799784394717,0.07087860784775037,0.16997280098914797,0.007047426312953876,-0.023791965968148553,0.4065163555036192,0.4934168835390703,0.0,150.0,1.0,0.0061623982594344595
Europe,North Macedonia,None,2020-10-01,0.28203519369098295,0.18343651094271582,34.45676310632105,2.392992344975477,0.09524796324060404,0.029698316444693566,0.012478616579822953,0.49554886917376306,1.397389322531342,1.580374656960913,77.86701042654327,178.41111610761413,0.08609509861087863
Europe,Norway,None,2020-10-01,0.9190262763419994,0.36973235074028404,-37.21719188237019,3.4084595598301854,0.02,0.007872731323002933,-0.2,4.903719179124416,0.0006370964056630582,1.0771937120184292,-38.181754938791364,218.95112013044024,0.07870676919330706
Asia,Oman,None,2020-10-01,0.24165226975352033,0.7438295411728667,-109.68370766255298,9.083956216142434,0.04499333516159867,0.03116910465966427,1.2019658656154535,1.522790282180441,0.30038816623697695,0.4611506471735563,91.09742445713734,85.19976727466067,0.057415470102796094
Asia,Pakistan,None,2020-10-01,0.23943671787050308,0.7515260407092864,1.8649750588461695,1.0935369343919918,0.07142653367617596,0.033398500627445114,0.13352081908086166,3.120261533853755,0.7178657943091747,0.2845515310058737,18.104718811683846,287.7394657147389,0.0012647125851116608
North America,Panama,None,2020-10-01,0.5937764449385363,1.0062738404459564,-67.34176620849327,4.040637558848554,0.10837514718503856,0.015025808458918167,0.0063594830758504865,0.9742892065338576,0.0001656770304995645,0.4622754504744455,47.99560808388966,92.36964011791896,0.03642343398715529
Oceania,Papua New Guinea,None,2020-10-01,1.0362749778283595,0.36137560920740786,-30.085638807428918,6.755182043252405,0.10643861255929575,0.005942069253163166,-0.2,3.3203465578139304,1.1333745087857392,1.4894093658161418,-1.2037459093097846,70.75593321063177,0.046131236037672364
South America,Paraguay,None,2020-10-01,0.25990317919852074,0.10149350564780313,63.2834961391854,3.977725760354325,0.19789118945932002,0.02094390492905214,0.0343577573781903,0.45271178523332845,0.6698898289654132,5.338495584318283,178.39545660205417,99.20864814146884,0.18329203318816692
South America,Peru,None,2020-10-01,0.8345132339624397,0.3632817678773157,0.35295960431227075,0.0,0.9827743949822512,0.02163524543181887,-0.12250635856595317,1.7841451744678375e-05,2.73802226728071,0.0,-2.192005183754264,195.43327188384083,0.009113568377515084
Asia,Philippines,None,2020-10-01,0.416238378571406,0.24250805769160808,-23.698025691942703,0.036728523762642226,0.1256003752282522,0.01658265627001701,-0.19813803229675672,0.4390493736887607,0.16168308111058735,0.8339681045234668,149.99806700939527,88.7938475929218,0.15354681429658076
Europe,Poland,None,2020-10-01,0.9602323421498973,0.1604290262784421,233.41055289436542,34.547729803237274,0.03727811065142625,0.0344565458812988,0.13658639355349267,1.7668791987958667,7.110788502153548e-05,7.061608662780705,-14.953846020935618,19.912128639349383,0.1465134561763754
Europe,Portugal,None,2020-10-01,2.1025765584447185,1.6035132333424156,1.0619915835683442,1.8327634795800436,0.07075374103296415,0.014686167024788947,-0.19943759998124083,3.028262916903623,0.6362211879236388,1.5656631077652023,209.66032541764682,64.55623150517286,0.010878001702269768
Asia,Qatar,None,2020-10-01,0.19664925000050254,0.1743610539869001,172.30385227974864,5.989746124553176,0.07422164623826241,0.007673407169504182,35.767819818658914,1.7299125881981816,1.8383857210711624e-05,1.1272922829529937,95.48762940573891,5.875008479813591,0.013703628481734526
Europe,Romania,None,2020-10-01,0.4451264111356238,0.24091422703960846,-59.388056752718875,5.508626317792372,0.035190762234561974,0.053290828302339714,0.5076203800191013,4.01770005977783,9.633616034600633e-06,1.909231966571346,-24.238160465737323,114.46776466348527,0.07433697110086226
Asia,Russia,None,2020-10-01,0.2543406014214005,0.21332285700463172,-117.14725220818059,10.06516719853408,0.04461097372371692,0.028873072750942197,0.13016122294728733,1.6582381372065602,0.03270874788724076,1.8897650806241788,34.08889843697189,98.77865710850826,0.06964294160074548
Africa,Rwanda,None,2020-10-01,1.6066963295344876,0.08396112183404594,33.886667899628115,1.2795653589350298,0.9479573589296914,0.01993664404022178,0.04024153450881306,0.8401049419713773,1.22470048277733,5.736157745444887,102.99141772231097,103.02954042092287,0.18556435335734867
Europe,San Marino,None,2020-10-01,1.2666564117549417,0.902713061117031,-0.04449266526138639,0.6962362147651827,0.047960901065591026,0.010865909427030506,-0.2,1.8395276573026924,0.5319810562751065,0.44017821600511015,126.51240081714286,65.53809971920555,0.9591131707043092
Africa,Sao Tome and Principe,None,2020-10-01,0.8401979827377506,0.41040862395470873,-0.46654071951594667,0.1377746364964795,0.03856274649066979,0.10943308489791202,5.40864291864995,0.5337134769601938,1.9884216010311808,9.397622276080424,92.84742266947549,1.8979548527652699,1.3990399221910843
Asia,Saudi Arabia,None,2020-10-01,0.06794053713190909,1.3767514587511789,-37.44894789362828,0.9047652654733884,0.027366857102786017,0.04554615225078614,0.3201859626044297,0.21827490760349497,0.0,0.3323610220004601,149.99998661950548,47.10634680222484,0.05514034754161549
Africa,Senegal,None,2020-10-01,0.31698786440572235,0.12883314668028245,99.27920624598394,4.33631439523012,0.1333608889020749,0.02364303935548157,-0.2,1.898671871226741,2.441066229142438,2.212236363913721,93.53546808280001,73.34913038356423,0.003288234572039866
Europe,Serbia,None,2020-10-01,0.6857485543763647,1.1886861504837756,-13.27890702290888,3.8146129642441884,0.05885429415828535,0.019392544937853612,0.34485354054410566,7.371769162897848,4.143637053449664,0.8677003233613052,-38.84650998544006,68.30548785333811,0.001454777834814598
Africa,Seychelles,None,2020-10-01,8.549821923408285,0.46031125812598045,-79.63417643113897,0.0,0.9997429877346387,0.0025314679132280023,-0.2,1.0803584566892652,0.2531440505443823,3.654649522134765,85.7603205201436,2.873453175573888,0.3440308352315398
Africa,Sierra Leone,None,2020-10-01,0.6047456352148965,1.058622532190327,-77.22931064724966,13.200365650653426,0.02,0.03876497577515954,0.8591141854901856,4.304268929726493,0.8622057987383679,0.5639296822205604,72.92215926889263,33.96345467786758,0.16399412617347955
Asia,Singapore,None,2020-10-01,0.4825074095972422,0.3555650855887816,2.832046088849635,0.01972823992518119,0.03061237894368242,0.001,3.208324212991874,1.5971041219255664e-07,0.046361304407551804,0.46849834322792594,83.59757922704128,16.0891933274478,0.029847137704309787
Europe,Slovakia,None,2020-10-01,2.838745859999826,1.0870294694840912,-96.78556866623586,5.6001404132157395,0.02,0.023166489553262185,-0.2,11.976667876775814,0.0020378513949034327,0.4096146540615768,65.22740691038473,53.21320082164176,0.3393361299015408
Europe,Slovenia,None,2020-10-01,1.4052157126218967,0.054712861376011696,-1.689128941769211,1.4963488682800339e-05,0.4856662964558099,0.016858762415074127,-0.2,13.890507188503253,3.382635830053959e-05,8.229284356423413,149.98049267354241,203.85718279384167,0.3428512631122931
Africa,Somalia,None,2020-10-01,0.5038857829217239,0.44108004891301617,3.3180011729980325,0.29123065186328256,0.04416618676459467,0.024245871578108216,-0.2,0.0490794527308624,1.974439670293548,0.0,150.0,1.0,0.24740054769559872
Africa,South Africa,None,2020-10-01,1.0681662670549625,0.6848609962255156,5.911184729032896,0.17181533616566647,0.4506110269286195,0.0317344284693155,-0.025859332956839832,0.0,0.6813465184552715,0.0463503045449945,-85.52103531203022,9.124417481264487,0.002452803501019533
Africa,South Sudan,None,2020-10-01,0.6334170604388024,0.15107951722595286,121.78979965469972,59.682044795713175,0.05304208432936058,0.05161938569779338,2.702031869795347,0.749992796420008,0.0,3.5548135744958453,67.44519133718642,4.803316882176364,1.2240986775445513
Europe,Spain,None,2020-10-01,1.9875323937409697,0.658601949272815,-105.25415753552878,3.4877518135618626,0.029578075085138416,0.03363544365729458,0.460888933786236,1.6876262912378075,0.012536655945900588,0.8719534220866327,229.07734549933411,196.71897823254784,0.1245710869152789
Asia,Sri Lanka,None,2020-10-01,0.8233622995534329,0.3614941066330532,-109.40577888110194,0.0,0.0402300057586081,0.01057245497722503,0.27224776128312006,6.1110333546096625,2.57270617053039,1.9971122209341883,-37.8848591592753,30.225792995042806,1.0912622930889742
Africa,Sudan,None,2020-10-01,2.0329466492869384,1.149101593411759,-3.515660132850447,0.6360005367507333,1.0,0.2080732629153866,0.7116282134665479,3.591594831602954,4.86803793492821,1.7807603316050025,-10.683121956464177,25.360510347524094,3.837448231733458e-07
South America,Suriname,None,2020-10-01,1.080397914839575,0.145929950768461,-0.13728674548330763,7.659658503979821,0.06623948642213795,0.10136261116486511,0.9868080211088138,7.062312303380709e-05,1.4882125209735166,3.8812062325505874,58.146221312973765,55.6493242215342,0.06742490754861866
Europe,Sweden,None,2020-10-01,0.9213477948584923,0.20484841462241285,-34.29998901168559,6.1128378303274875,0.02,0.01571399100339269,-0.2,3.298513495640434,0.00104887491355307,2.4156625124267905,15.692636858147706,100.95073106786313,0.035605956209065516
Europe,Switzerland,None,2020-10-01,0.7126035204410102,0.5641151451228855,-183.19398723542673,0.04103962423976393,0.030056781631082344,0.018116079634900185,-0.056124647905671524,2.0110823023401587,0.0020265186992724383,0.0,-90.62666456205602,4.176977369614174,0.4039976871744317
Asia,Tajikistan,None,2020-10-01,0.21691257521693555,0.11235418534173046,6.472205837445989,1.7572859755314139,0.5329041594020468,0.004139664175958266,0.1754962481567439,1.8937994384240107,6.360020621253498e-05,3.247497050052018,44.02823334918818,28.645644604382323,0.22234838144773073
Africa,Tanzania,None,2020-10-01,2.029332610243093e-11,0.1000313777448666,-200.00123143873176,15.000340877014509,0.020000000000000004,0.0010000000000000009,4.99998500839087,0.0,0.0,4.980717651489081,64.13046104777018,23.97484735013967,9.932600575357498e-09
Asia,Thailand,None,2020-10-01,2.276220918098113,0.5993742705940392,-8.353767464804037,1.6071256086924481,0.0903107680148504,0.004123614065148313,0.4857125783241281,14.848630745093999,1.209334541911345,1.215254551979107,36.28003784304755,51.637029455786134,0.00036443134620941803
Africa,Togo,None,2020-10-01,0.5560720925496474,0.31863483032964823,29.389639800295225,0.24691470953424288,0.11458472715170326,0.017951914930510328,0.3416953421276846,0.9464969651192621,0.36329678111749697,1.0,119.9817115055473,41.84332513965588,0.7561966192722424
South America,Trinidad and Tobago,None,2020-10-01,0.6722068264930567,0.29178020629895846,14.912341993725258,0.0,0.13940048437118935,0.013845513082554007,0.01511205889020751,0.00013152856428215077,0.20764189777388206,0.356782000657135,-8.799571093249966,31.52052774758549,1.3830453366306417
Africa,Tunisia,None,2020-10-01,1.5465466574357651,0.2119216875558951,39.916877137004846,0.39621870984889407,0.039097330342224054,0.0605194688035835,0.19437740761973438,1.0037149422115044,1.182228368728512,2.774199709250631,168.95475089287598,76.57814178180004,0.4619865365102265
Asia,Turkey,None,2020-10-01,2.322232222250663,2.453267497905738,-9.457354723785407,2.3030890702236433,0.18473335547951358,0.06042911110017315,1.7169119586768131,2.4916016862949744,1.5019364529662154,1.0880533759026403,0.005021147552194761,28.50948952598605,3.3538195315695676e-08
North America,US,Alabama,2020-10-01,1.10330615921088,0.3931533728339031,-43.54341116132711,6.781508687236677,0.02,0.020250500326162206,-0.15357267315686127,0.00014561764035929284,0.44288268607769504,1.2316317927152745,54.691155876698375,89.60770588705897,0.11509930095379932
North America,US,Alaska,2020-10-01,1.6621869797628852,0.8355033225863238,-18.822688315110373,0.26721628815579973,0.0573094416318045,0.004660813060692561,-0.04557846813117857,2.6386371903921146,0.8497893279610766,0.26960932717327335,94.40954640254591,5.293119469226612,0.12150580557086295
North America,US,Arizona,2020-10-01,0.6161702279863686,0.06571061647330532,1.3034044058691785,0.08195936808965582,0.02577145427986101,0.02203266849415117,-0.0495030021306999,5.050185118543391,0.032849346584569235,6.946124395036924,26.547717805459456,328.56641797727485,0.005229811082892243
North America,US,Arkansas,2020-10-01,0.4773362978990045,0.47863738429011804,-181.61899270954473,2.141941235784818e-07,0.020608757451771098,0.05440060956910541,0.42423253875712147,0.0003379917695979059,0.890589834394559,0.0,150.0,1.0,0.06720869918715
North America,US,California,2020-10-01,0.4237969596808979,0.5377460330963483,-18.48039565226062,1.3476898515581586,0.02,0.017052049521244384,-0.0491717573995924,0.06097753107774922,0.3903487112722775,0.9345498648791039,57.631237565349316,44.23134167336077,0.06057074176254952
North America,US,Colorado,2020-10-01,0.7409542077495919,0.17603380473100289,42.65531418401602,10.679676879904278,0.06724889785124687,0.009752792181937628,-0.19491158881092768,0.3466772710044975,1.6127233791344815,2.7402987595262167,189.5574856511673,151.09208329647277,0.034095606938520984
North America,US,Connecticut,2020-10-01,0.41966563387647604,1.4533684045763853,-21.468852740771712,0.6222433533684455,0.03046914675155227,0.023457890452001803,0.08029013892721551,0.9728491263995338,0.07142210009959325,0.1647605217431091,115.43863251566025,38.17597273987601,0.027733954145250893
North America,US,Delaware,2020-10-01,0.36046122658382823,0.36529273705178816,55.949102806436116,0.01923913832753127,0.05303655057348698,0.009619052817351353,0.05910600086366215,0.07806842011341543,0.03667722979974618,0.533410219352778,-16.418850314654318,101.32893131187686,0.457845839910475
North America,US,District of Columbia,2020-10-01,0.3145399100270112,0.578511615326807,-22.525237058313586,0.0856222365194268,0.05040421412952694,0.012885876534804776,-0.16470066926613278,0.15043061635003124,0.8105462987638806,0.2680837873027909,-11.963191503754901,4.2422156106583655,0.03608673727836573
North America,US,Florida,2020-10-01,0.4168728859738461,0.49255741365401157,4.694601213458431,0.02003775320698732,0.09757499855634867,0.009566841033505514,-0.08611797259013695,1.073421781568539e-08,0.09094506403286169,4.831076255495463,-41.53586868956654,4.846194277346349,0.26744745028509576
North America,US,Georgia,2020-10-01,1.2422810476681425,0.063138167127781,24.065935387880884,11.128452364883596,0.02,0.08049001156118755,1.0737215610422428,3.5805112172203386,1.94657661797364,7.744565986688927,74.4682342786207,70.7005690148273,0.00823996043767646
North America,US,Hawaii,2020-10-01,3.1862110430114505,0.18369850834394041,101.58939029575497,5.047335713865272,0.07878920175209388,0.011530598412452802,-0.2,0.10913044141306778,0.0999641671361293,1.1274162938309829,144.75284314401705,48.55376220153817,0.811076998206438
North America,US,Idaho,2020-10-01,0.33558908230145945,0.18737896647030083,6.528397932067475,3.54340992497814,0.0837476889413613,0.010593527261162994,-0.02740011656029537,0.0017889378304071024,1.2771493208804792,2.3526023548890866,36.74308113332154,121.93478640623911,0.058614796900293434
North America,US,Illinois,2020-10-01,0.8796487246760747,1.1009928615435012,9.618988445476441,24.46840039078916,0.03844603739577628,0.013294770457140448,-0.18860815550502805,0.023880965476254203,0.0,0.43260147666617965,-14.870367061887642,141.9044750134878,0.305384121121673
North America,US,Indiana,2020-10-01,0.3911230573667066,0.422442110356966,-19.00168357633513,0.0,0.02361676436914699,0.04500302511370997,0.5857394267590103,0.007038803405670679,1.271669332685698,1.5563734291063138,-78.8486791124357,54.46412991334034,0.04507913092848294
North America,US,Iowa,2020-10-01,0.6313377600664001,1.858703707997009,-6.983072784807736,1.2521569028765396,0.04505950532765999,0.013191905751260486,-0.19985988058256846,14.474536576759176,1.700640732969928,0.3041896888082373,127.84472654506057,32.85294019236423,0.0017132383879823604
North America,US,Kansas,2020-10-01,1.1351470554898406,0.40735034750662735,50.611777955632384,0.5671178709845327,0.04225974252878414,0.013097284708741441,-0.19969002234826763,0.145183888660151,0.08152700675614809,0.8803948879627765,92.2801047394581,17.572211439190816,0.2902117104546179
North America,US,Kentucky,2020-10-01,0.9366062972588174,0.5860351447109126,-20.144835670125193,0.12170433944024729,0.02,0.022721268984305997,0.28009035026879237,3.962366516227228,1.2397339026402217,1.3716451611845522,90.60524768931128,2.1227315939787275,0.020849188793114606
North America,US,Louisiana,2020-10-01,0.33259329634496043,0.4892804854606175,-26.49878246438922,1.1085841108512433,0.02593755458330605,0.020314881579804683,0.0030600668628488993,5.025070255716616e-05,0.10358809837884117,0.832357914571242,65.11977681893929,309.84787427622024,0.15996593923907337
North America,US,Maine,2020-10-01,1.3746105498336623,1.6230467422355919,-6.732585212395835,1.840504289463204,0.1426814382749884,0.010651982170042536,-0.2,1.0331740002690237,0.5571162347670319,0.20369167494058524,73.29714597140529,42.94900053873598,0.14656821624599
North America,US,Maryland,2020-10-01,0.3084580197373144,0.5917568204292376,4.648185543365615,0.18484388533249763,0.09845163471265339,0.011696973181206766,-0.1816631535147156,8.219671899473125e-05,0.5794365663192129,0.25149252566887925,128.9735582429885,28.863693349819105,0.03211638148901025
North America,US,Massachusetts,2020-10-01,0.3356218091809809,0.36773374860079405,3.2786502172395364,0.12033519554073455,0.024287166763684923,0.022079685100370318,0.05911657879656795,0.06628389086525781,0.0642045652576329,0.5691940711915682,77.0732777851091,98.13157085135971,0.30796017496031697
North America,US,Michigan,2020-10-01,0.35810971779182277,3.3108858830648917,-19.750174825196034,1.5515864560830714,0.020810431933899573,0.05411098419010467,0.4366334338456154,1.216477237260286,0.7337075851724414,0.36741812262492973,90.5983346892121,1.2958813265803597,0.010462053439421947
North America,US,Minnesota,2020-10-01,0.48263323150985005,0.29834426140670117,-17.695075126550268,0.00015710205441427127,0.02922229148038593,0.03514178123605491,0.6180231927336293,7.044570651068927,1.5994784501666888,3.4544308784229196,-36.802894225376356,40.025638559668884,0.004188078018126827
North America,US,Mississippi,2020-10-01,0.335023626834554,0.10919483569690824,-17.706802517108045,2.73053396986126,0.12206599856868493,0.015750192354180747,-0.07953677650355472,0.004264013343056929,0.9921405240229388,4.306743255399972,55.50119937297961,137.35185639502436,0.04382556823877523
North America,US,Missouri,2020-10-01,0.5837703910449287,0.10665525472034547,29.13542130876159,2.1608178797769355,0.02,0.04650403794816693,0.5708078098183325,0.0,1.5868099075608804,3.5531157850915824,92.77897323840638,341.3872112497155,0.040667007720985276
North America,US,Montana,2020-10-01,1.2464146998646348,0.29267881406990265,-14.967051348820615,0.8086570986960718,0.10653856309041705,0.01129457331775582,-0.08435154760882087,4.922039142646519,0.008354117914391841,1.3148281559600146,106.12903303014059,200.01617434760945,0.1696876923684346
North America,US,Nebraska,2020-10-01,0.6631940570435582,0.4380377279681067,5.4659329609071206,1.5817743420111696,0.08787668283603774,0.008467355890705816,-0.2,1.6560656689319067,0.2508634077274804,0.817143603058792,92.22723321558905,220.1079438985809,0.04217674069188385
North America,US,Nevada,2020-10-01,0.38042808632809466,0.26420088460524443,11.991432518312093,0.006555354422363139,0.02,0.025928466996587553,0.0745700353225001,3.36702832338949,1.4359746409160328,1.1571863868397394,-53.384719662824374,124.56015099155906,0.010995847026290617
North America,US,New Hampshire,2020-10-01,0.6775708356852423,0.5394501024613078,-19.57499654930063,1.4151630190669644,0.0529838719244082,0.009895533504444942,-0.19995086072650242,0.25859416055186923,7.54615653205068e-09,0.8207606895141057,37.001403313081816,88.56454191069908,1.4861001180281612
North America,US,New Jersey,2020-10-01,0.2744579348487419,0.4952398705030053,-1.772527434050675,2.085060666251851,0.029639149737936347,0.01298314072482543,-0.19959784495699254,3.050918506197994,0.7409150461523627,0.8195439099541562,119.38815354433183,277.98726598077553,0.008797421768704218
North America,US,New Mexico,2020-10-01,0.4350001537164635,0.14294841932135371,40.774271714382,5.422758679357475,0.020000000000000004,0.04814168044150868,0.3644512186473005,2.276843009030709,0.3926973944016734,3.3315164090374925,180.37735669215408,184.63294404809068,0.04289638955366884
North America,US,New York,2020-10-01,0.30259661160574636,0.1551614905398872,42.61851577974011,0.630929664091058,0.02244468595325789,0.021780438687541166,0.013365680069632074,4.070479113306864,1.2553632097689005,2.6039761385782203,100.7861596402865,103.90207465316007,0.004101313050041421
North America,US,North Carolina,2020-10-01,0.6323584673372569,0.14312057550331064,1.5279121442512715,3.531543827186186,0.04111748371769837,0.019052975276854435,0.17339825420666272,1.8890924174033444e-05,1.2271205851959355,3.336474733797488,68.43238193679616,70.03246255768157,0.05682150100109126
North America,US,North Dakota,2020-10-01,0.3636764097578431,0.2153524427605689,182.61059439238923,1.766656167154919,0.0314941842289889,0.05208365765383364,1.1970454979348153,0.0019684672586029284,1.5826198262229354,1.1574634488581323,8.42654587575082,19.081073371542793,0.09610112539011215
North America,US,Ohio,2020-10-01,0.29403114342626957,1.0244234160999117,-30.038153068711757,8.334527295078349,0.02777392568342305,0.020349754678556927,0.28048008233468535,2.2196176431406283,0.49922216170608574,0.5095681208071499,-23.932369322820154,141.88904175471998,0.031112689590645594
North America,US,Oklahoma,2020-10-01,0.7157391144191518,0.9606935316789248,-71.65455499330047,1.8697938827456735,0.020678852336287874,0.012010334110910553,0.001048994411662739,0.32827921429032053,0.003986343416514765,0.5039132060823377,122.29920126596629,161.45548805624446,0.37487713989574534
North America,US,Oregon,2020-10-01,0.6318375848727512,0.07535091351629952,51.861369668490475,8.71373097301195,0.11224697428070639,0.01066924319025834,-0.1736199983354781,3.6843826077062656,3.5219722579540886,4.69897734432939,4.950645549798367,437.7320455251486,0.010537258040393732
North America,US,Pennsylvania,2020-10-01,0.3210266831922797,0.4886464654754708,-123.63396998020214,5.935076593889706,0.02313753143738271,0.04003395478107131,0.09896074184458488,1.139243338716042,0.3874257139026642,1.1554536447905435,-17.404810942036498,118.05344425623363,0.03409203794311874
North America,US,Rhode Island,2020-10-01,0.555300433347987,0.3508099317696074,-13.2646137184873,0.42461100349308356,0.023696157747384258,0.029735952501065956,0.24331275291252888,7.262319796100006,0.894357251453571,1.1937006749000054,110.20379835980631,112.14655452256288,0.0142106264458148
North America,US,South Carolina,2020-10-01,0.45305883138903935,0.08728568834289996,100.57509604750278,5.386888486974889,0.10140928345571824,0.014897740609532252,0.05900365472172907,0.7880998198362098,0.0006458717121922792,4.549502823465024,118.88588481311248,90.80756643162226,0.09480019213313452
North America,US,South Dakota,2020-10-01,0.41657231333523853,0.2232567402996969,37.73273245782609,2.5194937419406975,0.06563137766960743,0.015062493461851042,-0.2,1.7061740720859586,1.9480157878902669,2.774127257872792,130.2395564564107,71.53452797392163,0.06603268427872809
North America,US,Tennessee,2020-10-01,0.5754458537799632,0.2652637354681249,-84.6026281078609,0.8058478466805664,0.02,0.04457151427921637,0.4397958936716864,1.3310280221574885e-08,1.4366476691397156,1.8267055202952367,52.30296991460219,73.42460771700762,0.04502763498363573
North America,US,Texas,2020-10-01,0.4623914873992486,0.6637072101496976,-57.25547938039877,1.3313787414115938,0.053586385318703016,0.012872024136245884,-0.09420984455571124,0.5111568811633908,0.0,0.6994052966023303,148.8761518287078,167.83434773100115,0.14637482659257314
North America,US,Utah,2020-10-01,0.8310286188042578,1.9958126852873628,-49.755800835707674,0.6623692993310035,0.057221788966659956,0.004476424085028352,-0.06079548087876324,3.40543145627148e-08,0.40356975734541867,1.5965791933722766,249.29173225965766,72.49176159047582,0.15839772346862224
North America,US,Vermont,2020-10-01,2.2015136853326425,0.2922219244917317,38.222294299490216,18.99769429258905,0.022641479524779556,0.044811759954086705,0.27968286518647284,1.9795987664149273,2.3595220979014586,2.1367363227487477,251.818029224096,182.01855225455677,0.040686431700345374
North America,US,Virginia,2020-10-01,0.50176181641933,0.11666073540735152,56.320222202989534,1.9231084058506336,0.6727375337178666,0.00945931329075499,0.0332221706895025,2.1319000729776585,0.5518143465232316,3.8264807836179417,100.97818210518791,62.98165359828533,0.02747361155717741
North America,US,Washington,2020-10-01,0.6975737000348798,0.36685915394428337,2.611964908897037,0.0,0.02,0.028240817795866086,0.3074229012841032,0.6677416015790316,1.4280663182056201,0.48216076812042674,24.295094565230606,15.726219145653383,0.02182687136398805
North America,US,West Virginia,2020-10-01,0.6639140329071187,0.26543395004087217,0.44544647683033745,0.18847096725611243,0.08010481270375279,0.01860150617072581,0.014248319118827782,10.112032882397008,0.513595741810876,1.1084832819210304,117.09436474821676,419.9703952539862,0.019723117314383923
North America,US,Wisconsin,2020-10-01,0.5544301957342204,0.9843435969960732,-14.642969062405422,4.718500780403414,0.021483071329257034,0.02119078060452599,0.33036089458436246,1.5089845353150155,2.604713558033002e-05,0.41805305275403093,93.66108272512358,173.1635044159114,0.18578121256251265
North America,US,Wyoming,2020-10-01,0.9028883377945655,0.2716250566337943,39.226202741095165,6.166414401207591,0.020000000000000004,0.01853717318413141,0.05233659384663375,0.0015943593363276776,0.4261874444296736,4.28548834742103,206.98356372728816,93.92085296385446,1.0660630197012622
Africa,Uganda,None,2020-10-01,0.8655411889691937,0.20046607736027522,-0.5316101905815531,15.192858202136806,0.029694025502803072,0.032890148625166156,1.067393754420989,0.0007244532850326764,0.4377453191387107,2.436988587857812,22.237430067681416,53.39417979142897,0.4043664117438477
Europe,Ukraine,None,2020-10-01,0.44361547960646863,0.10679841424627325,-3.2118146589919583,6.430299257451735e-06,0.020140823173785696,0.09489630782056553,1.174414182759862,4.209838183421427,0.3860407919176995,3.0628605640593745,24.501354452146348,54.501266469013544,0.05546524019376636
Asia,United Arab Emirates,None,2020-10-01,0.17170628912980365,0.3655980123118848,42.32702832630659,0.0,0.05953922262358932,0.0021002260990889143,-0.19968264343417172,0.4622766795884093,0.251786955333909,1.087065555116539,93.1263163096994,5.184385528380636,0.18527057682082565
Europe,United Kingdom,None,2020-10-01,1.0434921150843481,0.259750518405929,9.024958775027455,1.6050441624360938,0.02,0.024472761286572598,-0.2,1.195619828334023,2.7992095145813374e-08,1.9250427477239616,78.10883383783592,40.19424135074766,0.4217776823168001
South America,Uruguay,None,2020-10-01,0.741887885380557,0.14299014791875117,50.54379529108186,0.4024978557550949,0.07033045890660462,0.009645877007276364,-0.18812325646038777,4.244210310105925,1.2844332946499861,2.8794109447040155,51.03541318841436,67.35058989432872,0.0909780097975329
Asia,Uzbekistan,None,2020-10-01,0.1014391959231816,0.18787249340087922,33.03737089528749,0.7195120015971308,0.07295587147266328,0.025233312908292865,4.569326108449973,1.4946761212999038,0.6165495633468757,1.1594984172151797,68.00595360970011,28.670085967505745,0.03648867092430475
South America,Venezuela,None,2020-10-01,0.1824612252495575,0.3300406443533875,-10.747210904812803,0.0,0.6802602081343895,0.008778636804061853,-0.16499684762872271,0.005801088555244144,3.0374927070328925,0.6666745672578612,147.0124292904451,33.289468025767775,0.022773745510954263
Asia,Vietnam,None,2020-10-01,1.061742470689998,0.18917267885436234,36.69427129848326,5.279972541292052,0.02,0.001,0.6552393168788273,1.0718347977113283,0.3316224199390134,2.138265381556147,115.82630522623424,63.68156970541931,0.5080013176170255
Asia,Yemen,None,2020-10-01,0.07614555840788406,0.3261890456166615,-116.82313952467467,0.00011122777646105083,0.22475447879289437,0.40170616172892504,0.17678673518157326,0.00031610830443457483,0.7836835855743931,1.2929607048304528,72.18974811973932,3.2111765671956465,0.04162936982575528
Africa,Zambia,None,2020-10-01,1.484851481232413,0.8783180551858788,-9.025456415487922,0.2779684791825789,0.7106895790517299,0.009367186424123427,-0.06313946949777381,0.07672349886381738,1.0128756707423632,0.3465119112957633,41.64166727182471,60.55233529401154,2.44388229692271e-05
Africa,Zimbabwe,None,2020-10-01,3.188799138149516,1.4001096116525036,-50.64823071764865,6.972958004338283,0.02,0.0798077463292181,-0.15304291887215313,0.06285709271446878,0.18377586782273259,1.5326636980867474,-98.79255937310936,107.31463843975453,0.0008061454541361447
